case,days,miles,receipts,expected,predicted,error,percent_error,miles_per_day,receipts_per_day
1,3,93.0,1.42,364.51,458.65,94.13999999999999,25.826451949192062,31.0,0.47333333333333333
2,1,55.0,3.6,126.06,340.31,214.25,169.95874980168173,55.0,3.6
3,1,47.0,17.97,128.91,374.14,245.23,190.2334962376852,47.0,17.97
4,2,13.0,4.67,203.52,369.63,166.10999999999999,81.61851415094338,6.5,2.335
5,3,88.0,5.78,380.37,457.46,77.08999999999997,20.267108341877638,29.333333333333332,1.9266666666666667
6,1,76.0,13.74,158.35,384.38,226.03,142.74076413009158,76.0,13.74
7,3,41.0,4.52,320.12,433.58,113.45999999999998,35.44295889041609,13.666666666666666,1.5066666666666666
8,1,140.0,22.71,199.68,422.85,223.17000000000002,111.76382211538463,140.0,22.71
9,3,121.0,21.17,464.07,512.99,48.920000000000016,10.541513133794474,40.333333333333336,7.0566666666666675
10,3,117.0,21.99,359.1,511.89,152.78999999999996,42.548036758563065,39.0,7.329999999999999
11,2,202.0,21.24,356.17,499.5,143.32999999999998,40.2420192604655,101.0,10.62
12,3,80.0,21.05,366.87,493.43,126.56,34.497233352413666,26.666666666666668,7.016666666666667
13,2,21.0,20.04,204.58,413.04,208.46,101.89656857952878,10.5,10.02
14,3,177.0,18.73,430.86,536.0,105.13999999999999,24.402358074548573,59.0,6.243333333333333
15,1,141.0,10.15,195.14,410.66,215.52000000000004,110.44378394998466,141.0,10.15
16,1,58.0,5.86,117.24,342.49,225.25,192.12726032070967,58.0,5.86
17,1,133.0,8.34,179.06,379.08,200.01999999999998,111.7055735507651,133.0,8.34
18,1,59.0,8.31,120.65,343.72,223.07000000000002,184.89017820140904,59.0,8.31
19,2,89.0,13.85,234.2,441.0,206.8,88.3005977796755,44.5,6.925
20,2,147.0,17.43,325.56,471.28,145.71999999999997,44.759798501044344,73.5,8.715
21,5,130.0,306.9,574.1,890.3,316.19999999999993,55.077512628461925,26.0,61.379999999999995
22,5,173.0,1337.9,1443.96,1086.1,357.8600000000001,24.783234992659082,34.6,267.58000000000004
23,5,592.0,433.75,869.0,1146.68,277.68000000000006,31.95397008055237,118.4,86.75
24,5,679.0,476.08,1030.41,1197.29,166.87999999999988,16.19549499713705,135.8,95.216
25,5,708.0,1129.52,1654.62,1279.47,375.14999999999986,22.67287957355767,141.6,225.904
26,5,261.0,464.94,621.12,1014.06,392.93999999999994,63.2631375579598,52.2,92.988
27,5,794.0,511.0,1139.94,1255.79,115.84999999999991,10.16281558678526,158.8,102.2
28,5,521.0,1448.55,1624.01,1260.08,363.93000000000006,22.409344770044523,104.2,289.71
29,5,595.0,863.93,1231.67,1283.24,51.569999999999936,4.186998140735743,119.0,172.786
30,5,811.0,952.39,1608.6,1392.64,215.9599999999998,13.425338803928872,162.2,190.478
31,5,477.0,704.42,1045.96,1190.08,144.1199999999999,13.778729588129554,95.4,140.884
32,5,730.0,485.73,991.49,1221.19,229.70000000000005,23.16715246749842,146.0,97.146
33,5,262.0,1173.79,1485.59,1097.31,388.28,26.136417181052646,52.4,234.75799999999998
34,5,446.0,219.98,788.62,988.88,200.26,25.39372574877634,89.2,43.995999999999995
35,5,751.0,407.43,1063.46,1200.02,136.55999999999995,12.841103567600094,150.2,81.486
36,5,324.0,128.94,686.54,876.53,189.99,27.673551431817522,64.8,25.788
37,5,414.0,967.0,1368.94,1233.23,135.71000000000004,9.91350972285126,82.8,193.4
38,5,367.0,290.78,742.25,989.42,247.16999999999996,33.30010104412259,73.4,58.15599999999999
39,5,764.0,848.75,1468.46,1346.78,121.68000000000006,8.286231834711199,152.8,169.75
40,5,249.0,873.75,1185.24,1134.91,50.32999999999993,4.246397354122366,49.8,174.75
41,8,862.0,1817.85,1719.37,1384.43,334.9399999999998,19.48039107347458,107.75,227.23125
42,11,927.0,1994.33,1779.12,1759.21,19.909999999999854,1.1190925850982427,84.27272727272727,181.30272727272725
43,9,602.0,186.69,1085.4,1199.83,114.42999999999984,10.542657084945626,66.88888888888889,20.743333333333332
44,8,610.0,208.29,841.27,1170.65,329.3800000000001,39.15270959382839,76.25,26.03625
45,12,333.0,1103.21,1618.13,1416.21,201.92000000000007,12.478601842868006,27.75,91.93416666666667
46,8,435.0,1129.65,1525.26,1287.05,238.21000000000004,15.617665184952076,54.375,141.20625
47,9,218.0,1203.45,1561.63,1247.87,313.7600000000002,20.09182712934563,24.22222222222222,133.71666666666667
48,12,781.0,1159.18,1752.72,1614.14,138.57999999999993,7.906568077045958,65.08333333333333,96.59833333333334
49,11,916.0,1036.91,2098.07,1600.1,497.97000000000025,23.734670435209512,83.27272727272727,94.26454545454546
50,10,358.0,2066.62,1624.11,1310.69,313.41999999999985,19.297953956320686,35.8,206.66199999999998
51,12,566.0,2013.7,1752.03,1662.48,89.54999999999995,5.111213849077925,47.166666666666664,167.80833333333334
52,9,954.0,1483.39,2024.2,1603.93,420.27,20.76227645489576,106.0,164.82111111111112
53,9,534.0,1929.94,1624.87,1322.66,302.2099999999998,18.599026383649143,59.333333333333336,214.4377777777778
54,12,765.0,1343.97,1953.03,1640.28,312.75,16.01357890047772,63.75,111.9975
55,8,630.0,967.69,1388.05,1444.1,56.049999999999955,4.038038975541223,78.75,120.96125
56,10,909.0,696.0,1505.19,1571.52,66.32999999999993,4.406752635879851,90.9,69.6
57,10,223.0,745.89,1037.45,1297.9,260.45000000000005,25.104824328883325,22.3,74.589
58,8,467.0,1178.71,1483.33,1310.45,172.87999999999988,11.6548576513655,58.375,147.33875
59,9,708.0,461.07,1110.6,1368.37,257.77,23.209976589231047,78.66666666666667,51.23
60,9,885.0,1764.97,1694.37,1619.68,74.68999999999983,4.40812809480809,98.33333333333333,196.10777777777778
61,6,855.0,591.35,1339.72,1355.33,15.6099999999999,1.165168841250403,142.5,98.55833333333334
62,2,993.0,54.24,715.19,921.07,205.88,28.786755966945844,496.5,27.12
63,5,685.0,747.14,1216.36,1286.91,70.55000000000018,5.800092078003239,137.0,149.428
64,3,981.0,341.45,813.95,1268.64,454.69000000000005,55.8621536949444,327.0,113.81666666666666
65,5,770.0,873.33,1502.49,1355.74,146.75,9.767119914275636,154.0,174.666
66,6,697.0,651.64,1237.71,1311.25,73.53999999999996,5.941617988058589,116.16666666666667,108.60666666666667
67,3,795.0,450.85,743.94,1235.91,491.97,66.13033309137833,265.0,150.28333333333333
68,3,606.0,1184.23,1364.54,1151.29,213.25,15.627977193779587,202.0,394.74333333333334
69,3,842.0,865.37,1251.14,1395.82,144.67999999999984,11.563853765365973,280.6666666666667,288.45666666666665
70,7,748.0,241.73,971.31,1220.06,248.75,25.609743542226475,106.85714285714286,34.53285714285714
71,7,624.0,148.16,905.79,1114.96,209.17000000000007,23.092549045584526,89.14285714285714,21.165714285714284
72,2,713.0,740.33,1048.28,1148.75,100.47000000000003,9.584271377876142,356.5,370.165
73,3,874.0,1191.4,1515.99,1259.09,256.9000000000001,16.946022071385702,291.3333333333333,397.1333333333334
74,6,761.0,530.19,1120.1,1297.27,177.17000000000007,15.817337737701997,126.83333333333333,88.36500000000001
75,1,815.0,97.89,539.36,812.03,272.66999999999996,50.554360723820814,815.0,97.89
76,1,601.0,497.7,644.12,977.59,333.47,51.7714090542135,601.0,497.7
77,7,817.0,1127.87,1809.91,1418.76,391.1500000000001,21.6115718461139,116.71428571428571,161.1242857142857
78,1,606.0,923.0,1050.05,1021.85,28.199999999999932,2.685586400647582,606.0,923.0
79,1,909.0,741.82,866.07,1087.81,221.7399999999999,25.603011303936157,909.0,741.82
80,3,624.0,1160.92,1459.34,1154.22,305.1199999999999,20.90808173557909,208.0,386.97333333333336
81,4,650.0,619.49,676.38,1186.38,510.0000000000001,75.40140157899408,162.5,154.8725
82,6,204.0,818.99,628.4,1147.89,519.4900000000001,82.66868236791855,34.0,136.49833333333333
83,1,263.0,396.49,198.42,793.5,595.08,299.9092833383732,263.0,396.49
84,1,451.0,555.49,162.18,864.23,702.05,432.88321617955353,451.0,555.49
85,10,424.0,474.99,831.96,1301.1,469.1399999999999,56.389730275493996,42.4,47.499
86,2,565.0,389.49,415.96,1056.71,640.75,154.0412539667276,282.5,194.745
87,9,397.0,348.49,913.29,1193.96,280.6700000000001,30.731750046535062,44.111111111111114,38.721111111111114
88,1,532.0,413.99,355.57,919.09,563.52,158.48356160530977,532.0,413.99
89,2,384.0,495.49,290.36,940.5,650.14,223.9082518253203,192.0,247.745
90,5,754.0,489.99,765.13,1232.33,467.19999999999993,61.061518957562754,150.8,97.998
91,1,344.46,813.85,707.88,892.01,184.13,26.011470870769056,344.46,813.85
92,3,906.3,540.03,848.42,1318.42,470.0000000000001,55.39709106338844,302.09999999999997,180.01
93,3,1007.56,187.52,764.64,1195.34,430.69999999999993,56.32716049382716,335.8533333333333,62.50666666666667
94,1,359.62,221.15,255.57,821.51,565.94,221.44226630668703,359.62,221.15
95,1,362.79,749.19,636.51,882.89,246.38,38.707954313365065,362.79,749.19
96,1,288.72,159.26,303.94,747.05,443.10999999999996,145.7886424952293,288.72,159.26
97,2,782.17,830.72,1165.44,1201.43,35.99000000000001,3.0881040637012633,391.085,415.36
98,2,623.18,347.54,625.15,1062.91,437.7600000000001,70.02479404942815,311.59,173.77
99,3,1061.15,388.5,693.36,1318.01,624.65,90.09028498903888,353.7166666666667,129.5
100,1,252.75,285.5,331.74,805.13,473.39,142.6991017061554,252.75,285.5
101,3,1020.39,250.62,779.08,1237.24,458.15999999999997,58.80782461364685,340.13,83.54
102,1,257.97,816.81,738.01,857.03,119.01999999999998,16.127152748607738,257.97,816.81
103,3,1025.03,592.55,992.4,1385.89,393.4900000000001,39.65034260378881,341.6766666666667,197.51666666666665
104,2,794.32,402.31,671.06,1161.34,490.28,73.06053110005067,397.16,201.155
105,1,276.85,485.54,361.66,833.34,471.68,130.4208372504562,276.85,485.54
106,2,851.68,473.96,650.68,1215.64,564.9600000000002,86.82608962931091,425.84,236.98
107,3,859.12,611.07,960.47,1323.37,362.89999999999986,37.78358511978509,286.37333333333333,203.69000000000003
108,3,1317.07,476.87,787.42,1437.59,650.17,82.56965787000584,439.0233333333333,158.95666666666668
109,1,388.1,827.37,741.46,913.44,171.98000000000002,23.194777870687563,388.1,827.37
110,1,264.39,758.27,636.19,844.63,208.43999999999994,32.76379697888994,264.39,758.27
111,5,198.21,594.83,807.48,1030.66,223.18000000000006,27.63907465200377,39.642,118.96600000000001
112,6,72.85,457.75,666.59,973.36,306.77,46.02079239112498,12.141666666666666,76.29166666666667
113,8,297.64,481.09,835.08,1156.45,321.37,38.48373808497389,37.205,60.13625
114,7,237.33,1262.27,1452.17,1198.0,254.17000000000007,17.50277171405552,33.90428571428571,180.3242857142857
115,5,195.73,1228.49,511.23,1077.32,566.0899999999999,110.73098214111063,39.146,245.698
116,8,276.28,1179.9,1522.6,1224.84,297.76,19.556022592933143,34.535,147.4875
117,8,302.24,1046.04,1353.77,1211.48,142.28999999999996,10.510648042134186,37.78,130.755
118,8,266.87,252.08,880.41,1045.31,164.89999999999998,18.729909928328844,33.35875,31.51
119,9,310.69,239.64,828.16,1103.58,275.41999999999996,33.256858578052544,34.52111111111111,26.626666666666665
120,6,222.08,709.07,1031.34,1124.74,93.40000000000009,9.056179339500076,37.013333333333335,118.17833333333334
121,8,264.94,720.67,1019.85,1219.45,199.60000000000002,19.571505613570626,33.1175,90.08375
122,8,161.15,1230.37,1499.24,1182.09,317.1500000000001,21.154051386035597,20.14375,153.79625
123,9,259.96,554.74,835.54,1210.21,374.6700000000001,44.84165928621013,28.88444444444444,61.63777777777778
124,9,97.85,518.56,850.57,1124.76,274.18999999999994,32.23602995638218,10.872222222222222,57.617777777777775
125,9,194.34,1054.93,1374.9,1209.63,165.26999999999998,12.020510582587821,21.593333333333334,117.21444444444445
126,9,332.35,374.61,830.45,1175.89,345.44000000000005,41.59672466734904,36.92777777777778,41.623333333333335
127,5,126.44,696.14,845.35,1029.86,184.50999999999988,21.826462412018675,25.288,139.228
128,5,66.13,848.03,1050.25,1044.05,6.2000000000000455,0.5903356343727727,13.225999999999999,169.606
129,6,135.34,1144.13,1478.11,1082.88,395.2299999999998,26.738875997050275,22.55666666666667,190.68833333333336
130,6,233.7,346.98,648.57,1002.83,354.26,54.621706215211915,38.949999999999996,57.830000000000005
131,9,849.0,1007.41,1785.47,1477.53,307.94000000000005,17.24699938951649,94.33333333333333,111.93444444444444
132,6,806.0,1760.64,1718.76,1470.44,248.31999999999994,14.447625031999811,134.33333333333334,293.44
133,8,891.0,1194.36,2016.46,1484.53,531.9300000000001,26.37939755809687,111.375,149.295
134,9,1182.0,1342.24,2164.15,1653.59,510.5600000000002,23.591710371277415,131.33333333333334,149.13777777777779
135,7,1010.0,1514.03,2063.98,1561.24,502.74,24.35779416467214,144.28571428571428,216.29
136,8,892.0,1768.53,1902.37,1388.64,513.7299999999998,27.00473619747998,111.5,221.06625
137,6,825.0,1692.73,1817.77,1467.92,349.8499999999999,19.246109243743703,137.5,282.12166666666667
138,8,1118.0,1758.52,1852.47,1456.51,395.96000000000004,21.374705123429802,139.75,219.815
139,8,1064.0,1756.52,1857.04,1442.0,415.03999999999996,22.349545513289964,133.0,219.565
140,6,811.0,1252.04,1771.8,1390.8,381.0,21.503555706061633,135.16666666666666,208.67333333333332
141,7,889.0,1417.96,1826.08,1498.26,327.81999999999994,17.95211600806098,127.0,202.56571428571428
142,9,1012.0,1429.04,1880.76,1617.08,263.68000000000006,14.019864310172487,112.44444444444444,158.78222222222223
143,6,909.0,1332.18,1720.21,1443.88,276.3299999999999,16.06373640427622,151.5,222.03
144,9,1096.0,1690.22,1894.85,1683.34,211.51,11.162361136765444,121.77777777777777,187.8022222222222
145,9,913.0,1021.29,1964.86,1505.86,459.0,23.36044298321509,101.44444444444444,113.47666666666666
146,6,1006.0,1219.71,1803.97,1462.48,341.49,18.9299156859593,167.66666666666666,203.285
147,6,907.0,1650.17,1737.86,1494.27,243.58999999999992,14.016664173178503,151.16666666666666,275.02833333333336
148,9,816.0,1171.81,1780.58,1495.45,285.1299999999999,16.013321501982496,90.66666666666667,130.20111111111112
149,7,1006.0,1181.33,2279.82,1503.58,776.2400000000002,34.04830205893449,143.71428571428572,168.76142857142855
150,6,835.0,1404.28,1765.79,1426.4,339.3899999999999,19.220292333742965,139.16666666666666,234.04666666666665
151,12,528.0,2476.41,1662.88,1502.7,160.18000000000006,9.632685461368231,44.0,206.36749999999998
152,4,69.0,2321.49,322.0,963.4,641.4,199.1925465838509,17.25,580.3725
153,11,1179.0,31.36,1550.55,1290.23,260.31999999999994,16.788881364677046,107.18181818181819,2.850909090909091
154,13,756.0,954.4,1793.07,1716.15,76.91999999999985,4.28984925295721,58.15384615384615,73.41538461538461
155,1,123.0,2076.65,1171.68,837.28,334.4000000000001,28.5402157585689,123.0,2076.65
156,3,1162.0,2152.66,1434.71,1389.38,45.32999999999993,3.159523527402745,387.3333333333333,717.5533333333333
157,1,822.0,2170.53,1374.91,773.36,601.5500000000001,43.75195467339681,822.0,2170.53
158,11,558.0,1549.86,1823.47,1546.12,277.35000000000014,15.210011681025746,50.72727272727273,140.89636363636362
159,2,753.0,1111.16,1353.87,1059.42,294.4499999999998,21.74876465244077,376.5,555.58
160,10,224.0,407.51,794.7,1185.46,390.76,49.17075626022398,22.4,40.751
161,6,383.0,462.79,800.3,1116.16,315.8600000000001,39.467699612645276,63.833333333333336,77.13166666666667
162,8,1005.0,1391.37,1987.39,1563.75,423.6400000000001,21.316399901378194,125.625,173.92125
163,10,1145.0,311.43,1366.61,1512.38,145.7700000000002,10.666539832139398,114.5,31.143
164,5,1004.0,2367.63,1743.85,1457.27,286.5799999999999,16.43375290305932,200.8,473.526
165,5,873.0,1402.35,1676.79,1393.28,283.51,16.907901406854762,174.6,280.46999999999997
166,2,165.0,1813.32,1273.45,864.45,409.0,32.1174761474734,82.5,906.66
167,5,1076.0,190.33,879.65,1219.01,339.36,38.57898027624624,215.2,38.066
168,12,986.0,2390.92,1760.0,1880.13,120.13000000000011,6.825568181818189,82.16666666666667,199.24333333333334
169,7,948.0,657.17,1578.97,1461.35,117.62000000000012,7.449159895374841,135.42857142857142,93.88142857142857
170,3,429.0,2400.13,1411.95,1075.2,336.75,23.849994688197174,143.0,800.0433333333334
171,4,362.0,646.43,788.53,1072.73,284.20000000000005,36.04174857012416,90.5,161.6075
172,2,622.0,1871.56,1494.23,1124.5,369.73,24.743848001980954,311.0,935.78
173,1,140.0,255.99,150.34,680.21,529.87,352.4477850206199,140.0,255.99
174,8,123.0,612.55,851.24,1122.52,271.28,31.868803157746346,15.375,76.56875
175,4,87.0,2463.92,1413.52,986.31,427.21000000000004,30.22313090723867,21.75,615.98
176,10,164.0,1144.9,1516.43,1257.92,258.51,17.047275508925566,16.4,114.49000000000001
177,1,989.0,2196.84,1439.17,815.29,623.8800000000001,43.34998645052357,989.0,2196.84
178,4,470.0,1968.63,1501.1,1166.88,334.2199999999998,22.265005662514145,117.5,492.1575
179,1,37.0,1397.17,1092.94,715.46,377.48,34.538035024795505,37.0,1397.17
180,8,488.0,439.7,1030.13,1226.75,196.6199999999999,19.086911360702036,61.0,54.9625
181,12,757.0,897.4,1780.07,1656.88,123.18999999999983,6.920514361794751,63.083333333333336,74.78333333333333
182,14,958.0,1727.76,2065.16,1868.36,196.79999999999995,9.529527978461715,68.42857142857143,123.41142857142857
183,2,456.0,2390.7,1342.39,1125.38,217.01,16.165942833304776,228.0,1195.35
184,5,733.0,41.18,771.83,881.26,109.42999999999995,14.17799256312918,146.6,8.236
185,5,291.0,1279.7,1477.12,1129.19,347.92999999999984,23.55461980069323,58.2,255.94
186,10,478.0,2091.79,1568.41,1361.21,207.20000000000005,13.210831351496102,47.8,209.179
187,8,817.0,1455.73,1847.26,1499.65,347.6099999999999,18.81760012126067,102.125,181.96625
188,6,1043.0,1404.35,1807.42,1505.31,302.1100000000001,16.714986002146713,173.83333333333334,234.0583333333333
189,2,958.0,1855.58,1549.54,1245.78,303.76,19.60323708971695,479.0,927.79
190,9,524.0,474.75,935.4,1299.81,364.40999999999997,38.95766516998076,58.22222222222222,52.75
191,6,45.0,81.59,522.58,649.49,126.90999999999997,24.285276895403566,7.5,13.598333333333334
192,8,342.0,2259.06,1502.02,1247.64,254.37999999999988,16.935859708925307,42.75,282.3825
193,12,379.0,1897.29,1682.98,1565.36,117.62000000000012,6.988793687387855,31.583333333333332,158.1075
194,6,333.0,1254.68,1585.02,1191.72,393.29999999999995,24.81356702123632,55.5,209.11333333333334
195,2,634.0,1739.81,1490.51,1111.29,379.22,25.44229827374523,317.0,869.905
196,5,285.0,974.73,1282.84,1177.12,105.72000000000003,8.241090081381937,57.0,194.946
197,12,33.0,1249.13,1707.38,1304.39,402.99,23.60283006712038,2.75,104.09416666666668
198,9,118.0,1285.82,1539.77,1217.41,322.3599999999999,20.93559427706735,13.11111111111111,142.86888888888888
199,1,420.0,2273.6,1220.35,1050.88,169.4699999999998,13.886999631253314,420.0,2273.6
200,11,312.0,2072.39,1586.22,1514.51,71.71000000000004,4.520810480261252,28.363636363636363,188.3990909090909
201,10,753.0,2054.02,1779.08,1454.47,324.6099999999999,18.24594734357083,75.3,205.402
202,5,125.0,96.38,570.99,646.52,75.52999999999997,13.227902415103587,25.0,19.276
203,6,597.0,888.84,1395.65,1338.64,57.00999999999999,4.0848350231075115,99.5,148.14000000000001
204,12,1065.0,203.2,1408.25,1523.24,114.99000000000001,8.165453577134741,88.75,16.933333333333334
205,1,214.0,540.03,402.81,761.52,358.71,89.05191032993221,214.0,540.03
206,11,886.0,922.66,1852.24,1670.04,182.20000000000005,9.83673821966916,80.54545454545455,83.87818181818182
207,10,621.0,978.73,1656.28,1533.27,123.00999999999999,7.42688434322699,62.1,97.873
208,4,1000.0,2355.34,1699.56,1303.24,396.31999999999994,23.31897667631622,250.0,588.835
209,13,534.0,1765.96,1881.36,1659.42,221.93999999999983,11.796785304247983,41.07692307692308,135.84307692307692
210,6,475.0,1800.71,1671.23,1235.25,435.98,26.08737277334658,79.16666666666667,300.11833333333334
211,11,623.0,2265.21,1739.18,1473.0,266.18000000000006,15.30491380995642,56.63636363636363,205.92818181818183
212,1,620.0,973.91,1112.02,1038.87,73.15000000000009,6.578119098577371,620.0,973.91
213,13,1004.0,1757.75,1960.67,1845.81,114.86000000000013,5.858201533149389,77.23076923076923,135.21153846153845
214,8,962.0,1929.63,1897.19,1433.68,463.51,24.43139590657762,120.25,241.20375
215,14,516.0,1464.67,1842.1,1650.7,191.39999999999986,10.39031540090114,36.857142857142854,104.61928571428572
216,11,685.0,2272.75,1873.94,1495.68,378.26,20.185278077206313,62.27272727272727,206.61363636363637
217,3,307.0,266.21,540.97,860.5,319.53,59.06612196609793,102.33333333333333,88.73666666666666
218,3,375.0,1346.21,1339.93,1001.34,338.59000000000003,25.26923048218937,125.0,448.7366666666667
219,4,1124.0,2177.18,1567.43,1315.24,252.19000000000005,16.089394741710954,281.0,544.295
220,3,779.0,2110.9,1520.73,1258.49,262.24,17.244349753079113,259.6666666666667,703.6333333333333
221,8,1173.0,671.25,1419.34,1562.36,143.01999999999998,10.076514436287287,146.625,83.90625
222,14,47.0,1667.14,1745.18,1469.55,275.6300000000001,15.793786314305693,3.357142857142857,119.08142857142857
223,3,981.0,2008.83,1539.47,1319.91,219.55999999999995,14.262051225421732,327.0,669.61
224,5,516.0,1450.67,1547.5,1258.42,289.0799999999999,18.68045234248788,103.2,290.134
225,6,471.0,332.51,872.19,1103.3,231.1099999999999,26.497666792785964,78.5,55.41833333333333
226,2,941.0,1565.77,1432.79,1199.66,233.12999999999988,16.27105158467046,470.5,782.885
227,10,377.0,301.96,837.36,1209.17,371.81000000000006,44.402646412534644,37.7,30.195999999999998
228,7,273.0,285.83,793.58,1040.76,247.17999999999995,31.147458353285106,39.0,40.832857142857144
229,1,458.0,834.7,737.28,944.14,206.86,28.057183159722225,458.0,834.7
230,11,772.0,932.31,1575.52,1626.92,51.40000000000009,3.2624149487153504,70.18181818181819,84.75545454545454
231,11,36.0,1541.47,1593.24,1309.6,283.6400000000001,17.802716477115823,3.272727272727273,140.13363636363636
232,12,211.0,1048.29,1579.73,1350.85,228.8800000000001,14.488551841137417,17.583333333333332,87.3575
233,7,987.0,2164.1,1839.67,1515.43,324.24,17.62490011795594,141.0,309.15714285714284
234,9,662.0,2275.59,1599.27,1408.71,190.55999999999995,11.915436417865648,73.55555555555556,252.84333333333336
235,12,96.0,1164.37,1553.21,1320.69,232.51999999999998,14.970287340411147,8.0,97.03083333333332
236,5,569.0,1856.7,1623.81,1234.29,389.52,23.988028156003473,113.8,371.34000000000003
237,12,128.0,477.17,874.99,1258.69,383.70000000000005,43.85192973633985,10.666666666666666,39.76416666666667
238,4,886.0,2401.28,1698.0,1269.42,428.5799999999999,25.240282685512362,221.5,600.32
239,13,19.0,807.27,1331.53,1354.36,22.829999999999927,1.7145689545109706,1.4615384615384615,62.097692307692306
240,8,275.0,2347.09,1454.47,1231.06,223.41000000000008,15.36023431215495,34.375,293.38625
241,9,963.0,588.5,1434.42,1514.61,80.18999999999983,5.590412849792935,107.0,65.38888888888889
242,14,1056.0,2489.69,1894.16,2004.85,110.68999999999983,5.8437513198462545,75.42857142857143,177.835
243,5,728.0,423.16,947.72,1196.99,249.26999999999998,26.30207234204195,145.6,84.632
244,4,286.0,1063.49,418.17,1039.52,621.3499999999999,148.58789487528992,71.5,265.8725
245,11,332.0,1352.48,1663.39,1415.12,248.2700000000002,14.925543618754483,30.181818181818183,122.95272727272727
246,12,49.0,1118.38,1494.81,1288.7,206.1099999999999,13.788374442236801,4.083333333333333,93.19833333333334
247,2,18.0,2503.46,1206.95,882.94,324.01,26.84535399146609,9.0,1251.73
248,14,592.0,1268.36,1930.24,1648.07,282.1700000000001,14.618389423076927,42.285714285714285,90.59714285714286
249,3,892.0,171.32,875.39,1135.46,260.07000000000005,29.709043968973837,297.3333333333333,57.10666666666666
250,11,741.0,1872.39,1847.08,1667.67,179.40999999999985,9.713168893605035,67.36363636363636,170.21727272727273
251,14,807.0,2358.41,1819.41,1894.42,75.00999999999999,4.122765072193733,57.642857142857146,168.45785714285714
252,5,873.0,1584.53,1796.7,1308.75,487.95000000000005,27.158123225914178,174.6,316.906
253,3,1159.0,2209.44,1434.84,1395.44,39.399999999999864,2.745950768029876,386.3333333333333,736.48
254,11,920.0,1338.65,1871.27,1656.38,214.88999999999987,11.483644797383588,83.63636363636364,121.69545454545455
255,1,388.0,390.7,332.06,847.07,515.01,155.09546467505874,388.0,390.7
256,9,576.0,1059.79,1547.5,1378.51,168.99,10.920193861066236,64.0,117.75444444444445
257,9,524.0,2367.12,1640.78,1370.44,270.3399999999999,16.476310047660252,58.22222222222222,263.0133333333333
258,10,459.0,2183.11,1559.59,1364.42,195.16999999999985,12.514186420790068,45.9,218.311
259,4,725.0,588.9,1097.95,1206.54,108.58999999999992,9.890250011384847,181.25,147.225
260,1,992.0,958.87,1222.41,1171.99,50.42000000000007,4.124639032730432,992.0,958.87
261,10,536.0,2194.42,1615.13,1394.64,220.49,13.651532693962714,53.6,219.442
262,11,1126.0,1593.03,2143.74,1767.47,376.26999999999975,17.552035228152658,102.36363636363636,144.82090909090908
263,10,314.0,1098.8,1539.1,1316.83,222.26999999999998,14.441556753947113,31.4,109.88
264,1,9.0,2246.28,1120.22,808.95,311.27,27.78650622199211,9.0,2246.28
265,11,706.0,1508.23,2030.59,1598.71,431.8799999999999,21.26869530530535,64.18181818181819,137.1118181818182
266,10,976.0,2166.02,1775.03,1546.22,228.80999999999995,12.890486357977046,97.6,216.602
267,5,1028.0,653.19,1313.95,1393.33,79.37999999999988,6.0413257734312475,205.6,130.638
268,8,1166.0,99.47,1149.07,1186.32,37.25,3.241752025551098,145.75,12.43375
269,12,882.0,1958.14,1944.88,1781.18,163.70000000000005,8.416971741187119,73.5,163.17833333333334
270,11,448.0,732.79,1090.35,1440.36,350.01,32.10070160957491,40.72727272727273,66.61727272727272
271,7,623.0,1691.39,1800.86,1434.92,365.9399999999998,20.320291416323304,89.0,241.62714285714287
272,3,127.0,293.49,303.2,792.7,489.50000000000006,161.44459102902377,42.333333333333336,97.83
273,12,218.0,486.02,1005.67,1302.4,296.73000000000013,29.50570266588445,18.166666666666668,40.501666666666665
274,3,1166.0,530.44,785.59,1409.13,623.5400000000001,79.37219160121693,388.6666666666667,176.81333333333336
275,11,17.0,550.58,830.07,1185.32,355.2499999999999,42.79759538352186,1.5454545454545454,50.052727272727275
276,9,696.0,1749.97,1649.49,1541.86,107.63000000000011,6.52504713578137,77.33333333333333,194.44111111111113
277,4,305.0,125.79,664.43,817.64,153.21000000000004,23.058862483632595,76.25,31.4475
278,12,104.0,1300.05,1779.92,1348.57,431.35000000000014,24.23423524652794,8.666666666666666,108.33749999999999
279,1,303.0,931.53,857.42,903.56,46.139999999999986,5.381260059247508,303.0,931.53
280,8,1012.0,2390.84,1732.12,1504.2,227.91999999999985,13.158441678405644,126.5,298.855
281,9,938.0,2224.29,1913.87,1499.99,413.8799999999999,21.625293253982765,104.22222222222223,247.14333333333332
282,3,471.0,288.19,535.67,944.99,409.32000000000005,76.41271678458754,157.0,96.06333333333333
283,5,72.0,977.67,1156.55,1080.61,75.94000000000005,6.566080152176737,14.4,195.534
284,10,160.0,2272.56,1642.15,1256.3,385.85000000000014,23.496635508327504,16.0,227.256
285,10,965.0,1851.28,1805.77,1709.24,96.52999999999997,5.345642025285611,96.5,185.128
286,3,266.0,2178.16,1447.95,988.52,459.43000000000006,31.7296867985773,88.66666666666667,726.0533333333333
287,12,734.0,2491.82,1792.31,1576.88,215.42999999999984,12.019684094827337,61.166666666666664,207.65166666666667
288,12,64.0,1641.01,1710.72,1384.07,326.6500000000001,19.094299476243926,5.333333333333333,136.75083333333333
289,9,497.0,1845.08,1674.09,1298.88,375.2099999999998,22.412773506800697,55.22222222222222,205.0088888888889
290,3,781.0,1801.38,1586.21,1219.48,366.73,23.119889548042188,260.3333333333333,600.46
291,3,158.0,1070.74,1183.16,866.01,317.1500000000001,26.8053348659522,52.666666666666664,356.91333333333336
292,3,1096.0,200.27,802.96,1232.12,429.15999999999985,53.44724519278666,365.3333333333333,66.75666666666667
293,11,1116.0,2067.8,1987.44,1833.28,154.16000000000008,7.756712152316552,101.45454545454545,187.9818181818182
294,10,831.0,39.86,982.64,1129.64,147.0000000000001,14.959700398925355,83.1,3.9859999999999998
295,14,124.0,1064.64,1761.68,1404.84,356.84000000000015,20.255665047000598,8.857142857142858,76.0457142857143
296,4,10.0,1262.73,1261.41,871.5,389.9100000000001,30.910647608628445,2.5,315.6825
297,5,955.0,106.86,897.78,1120.6,222.81999999999994,24.818997972777286,191.0,21.372
298,7,1176.0,2489.13,1921.16,1607.04,314.1200000000001,16.350538216494208,168.0,355.59000000000003
299,6,803.0,465.6,1012.0,1291.05,279.04999999999995,27.57411067193675,133.83333333333334,77.60000000000001
300,9,868.0,62.12,1022.81,1111.98,89.17000000000007,8.718139243847839,96.44444444444444,6.902222222222222
301,1,181.0,128.05,225.12,621.52,396.4,176.08386638237383,181.0,128.05
302,3,70.0,631.88,564.16,893.29,329.13,58.339832671582535,23.333333333333332,210.62666666666667
303,8,1090.0,419.76,1189.47,1451.47,262.0,22.026616896601006,136.25,52.47
304,14,1184.0,2269.89,1943.24,2015.47,72.23000000000002,3.716988122928718,84.57142857142857,162.135
305,1,735.0,1676.9,1365.21,1093.82,271.3900000000001,19.878992975439683,735.0,1676.9
306,2,547.0,119.09,509.52,893.27,383.75,75.31598367090595,273.5,59.545
307,11,265.0,218.66,949.34,1161.71,212.37,22.370278298607456,24.09090909090909,19.87818181818182
308,10,223.0,886.32,1305.54,1336.53,30.99000000000001,2.3737304104048906,22.3,88.632
309,12,959.0,1947.82,1833.24,1810.54,22.700000000000045,1.2382448561017676,79.91666666666667,162.31833333333333
310,11,498.0,1578.39,1793.52,1526.49,267.03,14.888598956242472,45.27272727272727,143.49
311,14,127.0,988.4,1688.9,1499.43,189.47000000000003,11.218544614838061,9.071428571428571,70.6
312,3,621.0,214.08,779.66,1045.77,266.11,34.1315445194059,207.0,71.36
313,6,1193.0,2241.5,1839.47,1538.69,300.78,16.35144905869625,198.83333333333334,373.5833333333333
314,4,448.0,2055.97,1497.46,1079.9,417.55999999999995,27.884551173320148,112.0,513.9925
315,8,466.0,2064.63,1558.12,1274.02,284.0999999999999,18.233512181346747,58.25,258.07875
316,12,229.0,1216.16,1696.65,1390.09,306.5600000000002,18.068546842306908,19.083333333333332,101.34666666666668
317,13,658.0,559.48,1573.12,1563.02,10.099999999999909,0.6420362082994246,50.61538461538461,43.03692307692308
318,13,1034.0,2477.98,1842.24,1951.8,109.55999999999995,5.947107868681602,79.53846153846153,190.61384615384617
319,4,842.0,2464.29,1611.66,1261.15,350.51,21.748383654120595,210.5,616.0725
320,13,837.0,1218.93,1921.68,1692.34,229.34000000000015,11.93434911119438,64.38461538461539,93.76384615384616
321,11,927.0,1306.37,1804.68,1653.66,151.01999999999998,8.368242569319767,84.27272727272727,118.76090909090908
322,4,1047.0,1657.68,1605.84,1334.66,271.17999999999984,16.887112041050155,261.75,414.42
323,4,262.0,1681.28,1435.34,1042.44,392.89999999999986,27.37330527958532,65.5,420.32
324,7,1126.0,1103.75,2014.72,1525.26,489.46000000000004,24.294194726810677,160.85714285714286,157.67857142857142
325,5,781.0,672.91,1125.36,1303.37,178.01,15.818049335323808,156.2,134.582
326,5,831.0,591.65,1090.31,1297.83,207.51999999999998,19.03311902119581,166.2,118.33
327,7,1089.0,1026.25,2132.85,1499.33,633.52,29.70297958131139,155.57142857142858,146.60714285714286
328,1,793.0,2171.07,1421.36,1179.2,242.15999999999985,17.037203804806655,793.0,2171.07
329,9,368.0,495.12,847.33,1238.17,390.84000000000003,46.1260665856278,40.888888888888886,55.013333333333335
330,6,818.0,1130.38,1704.06,1371.63,332.42999999999984,19.50811591141156,136.33333333333334,188.39666666666668
331,11,667.0,1915.95,1732.2,1644.25,87.95000000000005,5.077358272716779,60.63636363636363,174.17727272727274
332,2,267.0,2116.93,1349.04,939.47,409.56999999999994,30.360107928601078,133.5,1058.465
333,10,1083.0,2105.36,1844.58,1569.44,275.1399999999999,14.916132669767638,108.3,210.536
334,13,529.0,1767.79,2015.18,1657.69,357.49,17.73985450431227,40.69230769230769,135.98384615384614
335,9,1155.0,1346.4,2248.12,1646.19,601.9299999999998,26.77481629094532,128.33333333333334,149.60000000000002
336,7,1185.0,1768.01,2072.18,1652.63,419.5499999999997,20.24679323224815,169.28571428571428,252.57285714285715
337,5,763.0,1420.94,1777.14,1352.35,424.7900000000002,23.90301270580822,152.6,284.188
338,7,368.0,1231.69,1550.04,1251.41,298.6299999999999,19.265954426982525,52.57142857142857,175.9557142857143
339,6,659.0,322.1,972.58,1175.31,202.7299999999999,20.844557774167665,109.83333333333333,53.68333333333334
340,14,1138.0,518.18,1696.86,1772.1,75.24000000000001,4.4340723453908995,81.28571428571429,37.012857142857136
341,6,172.0,1977.78,1603.89,1133.0,470.8900000000001,29.35924533477982,28.666666666666668,329.63
342,6,628.0,311.47,903.3,1158.1,254.79999999999995,28.2076829403299,104.66666666666667,51.91166666666667
343,2,500.0,1246.48,1264.53,989.08,275.44999999999993,21.782796770341545,250.0,623.24
344,8,7.0,2075.6,1422.12,1089.48,332.6399999999999,23.390431187241575,0.875,259.45
345,5,942.0,2092.87,1696.72,1401.78,294.94000000000005,17.382950634164747,188.4,418.57399999999996
346,12,81.0,2485.34,1589.65,1327.05,262.60000000000014,16.51935960746077,6.75,207.11166666666668
347,4,166.0,791.52,866.18,1027.19,161.0100000000001,18.58851508924243,41.5,197.88
348,3,213.0,1724.85,1344.71,914.24,430.47,32.012106699585786,71.0,574.9499999999999
349,11,1004.0,167.15,1175.65,1438.11,262.4599999999998,22.324671458342177,91.27272727272727,15.195454545454545
350,5,116.0,478.1,624.04,953.63,329.59000000000003,52.81552464585604,23.2,95.62
351,13,112.0,2299.56,1807.67,1544.5,263.1700000000001,14.558520083864867,8.615384615384615,176.88923076923078
352,1,43.0,2149.22,1134.47,812.54,321.93000000000006,28.37712764550848,43.0,2149.22
353,2,660.0,1944.4,1531.2,1147.92,383.28,25.031347962382444,330.0,972.2
354,10,888.0,298.68,1171.54,1418.19,246.6500000000001,21.05348515629002,88.8,29.868000000000002
355,10,860.0,2380.76,1759.97,1529.83,230.1400000000001,13.07635925612369,86.0,238.07600000000002
356,10,1187.0,1981.09,2013.21,1797.68,215.52999999999997,10.705788268486645,118.7,198.10899999999998
357,12,1139.0,124.65,1314.3,1494.23,179.93000000000006,13.690177280681738,94.91666666666667,10.387500000000001
358,5,966.0,359.51,927.98,1266.41,338.43000000000006,36.46953598137891,193.2,71.902
359,10,796.0,1352.08,2000.19,1564.06,436.1300000000001,21.804428579284973,79.6,135.208
360,9,72.0,1281.32,1515.54,1194.53,321.01,21.181229132850337,8.0,142.36888888888888
361,10,215.0,2440.91,1638.66,1296.9,341.76,20.856065321665263,21.5,244.09099999999998
362,7,671.0,1297.02,1703.2,1390.65,312.54999999999995,18.35075152653828,95.85714285714286,185.28857142857143
363,5,230.0,333.69,538.36,947.37,409.01,75.97332639869232,46.0,66.738
364,5,467.0,1243.31,1549.82,1202.02,347.79999999999995,22.441315765701823,93.4,248.66199999999998
365,13,247.0,2339.61,1705.9,1610.38,95.51999999999998,5.599390351134297,19.0,179.97
366,14,777.0,1248.61,1837.25,1718.6,118.65000000000009,6.45802149952375,55.5,89.18642857142856
367,11,740.0,1171.99,902.09,1555.08,652.9899999999999,72.38634726025118,67.27272727272727,106.54454545454546
368,6,884.0,1798.31,1897.87,1507.17,390.6999999999998,20.586236148945915,147.33333333333334,299.7183333333333
369,5,789.0,1853.31,1792.88,1314.8,478.08000000000015,26.665476774798098,157.8,370.662
370,4,825.0,874.99,784.52,1330.18,545.6600000000001,69.5533574669862,206.25,218.7475
371,2,301.0,769.23,731.28,910.5,179.22000000000003,24.5077125041024,150.5,384.615
372,12,1007.0,1353.77,1925.32,1738.04,187.27999999999997,9.727214177383498,83.91666666666667,112.81416666666667
373,5,865.0,644.79,1202.46,1328.32,125.8599999999999,10.466876237047378,173.0,128.958
374,14,81.0,1251.97,1682.62,1418.89,263.7299999999998,15.6737706671738,5.785714285714286,89.42642857142857
375,8,1159.0,2175.27,1752.18,1518.52,233.66000000000008,13.335387916766548,144.875,271.90875
376,11,496.0,373.98,1152.99,1339.27,186.27999999999997,16.156254607585492,45.09090909090909,33.99818181818182
377,1,752.0,1632.35,1362.39,1093.84,268.5500000000002,19.711683145061265,752.0,1632.35
378,5,1014.0,1853.57,1749.31,1396.35,352.96000000000004,20.177098398797245,202.8,370.714
379,9,686.0,145.66,972.95,1207.04,234.08999999999992,24.059818079037967,76.22222222222223,16.184444444444445
380,5,654.0,1272.89,1724.68,1283.66,441.02,25.571120439733747,130.8,254.57800000000003
381,8,621.0,2391.34,1593.12,1367.68,225.43999999999983,14.150848649191513,77.625,298.9175
382,9,1080.0,539.51,1306.91,1537.06,230.14999999999986,17.61024095002715,120.0,59.94555555555556
383,10,714.0,269.06,1067.81,1334.36,266.54999999999995,24.962306028225992,71.4,26.906
384,10,816.0,1425.64,1872.81,1584.32,288.49,15.404125351744172,81.6,142.56400000000002
385,14,1122.0,1766.25,2239.35,1927.47,311.8799999999999,13.927255676870514,80.14285714285714,126.16071428571429
386,4,1202.0,1074.87,1501.24,1398.6,102.6400000000001,6.837014734486164,300.5,268.7175
387,5,651.0,1573.3,1682.08,1225.44,456.6399999999999,27.14734138685436,130.2,314.65999999999997
388,14,1100.0,237.69,1265.57,1642.74,377.1700000000001,29.802381535592666,78.57142857142857,16.977857142857143
389,14,296.0,485.68,924.9,1427.38,502.48000000000013,54.32803546329335,21.142857142857142,34.691428571428574
390,1,697.0,2148.5,1421.07,1141.2,279.8699999999999,19.69431484726297,697.0,2148.5
391,6,1044.0,47.46,1133.45,1053.04,80.41000000000008,7.094269707530114,174.0,7.91
392,12,398.0,2481.44,1755.18,1453.0,302.18000000000006,17.216467826661656,33.166666666666664,206.78666666666666
393,3,139.0,2428.89,1345.66,967.34,378.32000000000005,28.11408528157187,46.333333333333336,809.63
394,6,84.0,852.7,1109.32,1102.24,7.079999999999927,0.638228824865677,14.0,142.11666666666667
395,2,423.0,1639.17,1367.64,1016.35,351.2900000000001,25.685853002252056,211.5,819.585
396,11,815.0,2385.6,1872.44,1554.13,318.30999999999995,16.999743649996795,74.0909090909091,216.87272727272727
397,6,577.0,897.74,1257.31,1332.97,75.66000000000008,6.017609022436797,96.16666666666667,149.62333333333333
398,8,200.0,1508.89,1461.33,1246.42,214.90999999999985,14.706466027522863,25.0,188.61125
399,9,1102.0,540.6,1455.85,1544.03,88.18000000000006,6.0569426795342975,122.44444444444444,60.06666666666667
400,12,508.0,1970.54,1770.91,1633.31,137.60000000000014,7.770016545166052,42.333333333333336,164.21166666666667
401,13,1024.0,1712.85,2097.69,1845.14,252.54999999999995,12.039433853429246,78.76923076923077,131.7576923076923
402,7,1161.0,1499.97,1862.45,1604.29,258.1600000000001,13.861311713066126,165.85714285714286,214.28142857142856
403,2,730.0,285.24,624.78,1078.52,453.74,72.6239636351996,365.0,142.62
404,13,996.0,1809.2,1956.89,1850.55,106.34000000000015,5.43413273101708,76.61538461538461,139.16923076923078
405,5,1160.0,1901.83,1673.89,1442.98,230.91000000000008,13.794813279247744,232.0,380.366
406,2,1139.0,306.43,726.14,1250.95,524.8100000000001,72.2739416641419,569.5,153.215
407,14,191.0,2442.76,1798.47,1643.18,155.28999999999996,8.634561599581865,13.642857142857142,174.48285714285717
408,7,776.0,2447.82,1826.93,1471.32,355.6100000000001,19.46489465934656,110.85714285714286,349.68857142857144
409,14,414.0,1919.7,1918.89,1674.28,244.61000000000013,12.747473799957273,29.571428571428573,137.12142857142857
410,7,847.0,1994.62,1851.7,1568.25,283.45000000000005,15.307555219528005,121.0,284.94571428571425
411,6,924.0,1227.21,1871.76,1431.61,440.1500000000001,23.515301106979532,154.0,204.535
412,2,933.0,1589.58,1489.99,1200.14,289.8499999999999,19.45315069228652,466.5,794.79
413,1,211.0,958.08,891.9,871.76,20.139999999999986,2.258100683933175,211.0,958.08
414,10,773.0,865.92,1837.11,1564.97,272.1399999999999,14.813484222501641,77.3,86.592
415,3,196.0,1211.68,1229.87,905.69,324.17999999999984,26.35888345922739,65.33333333333333,403.8933333333334
416,14,49.0,954.02,1480.87,1453.15,27.7199999999998,1.871872615422002,3.5,68.14428571428572
417,5,477.0,655.24,935.38,1175.21,239.83000000000004,25.639846907139347,95.4,131.048
418,5,828.0,1606.84,1690.82,1295.37,395.45000000000005,23.38806023113046,165.6,321.368
419,11,458.0,1364.29,1649.04,1473.82,175.22000000000003,10.625576092756999,41.63636363636363,124.02636363636363
420,3,289.0,1245.67,1279.31,949.75,329.55999999999995,25.760761660582652,96.33333333333333,415.22333333333336
421,1,1060.0,501.67,658.14,1067.54,409.4,62.20560974868569,1060.0,501.67
422,5,1085.0,2486.43,1664.83,1493.3,171.52999999999997,10.303154075791522,217.0,497.28599999999994
423,4,675.0,381.48,779.68,1111.17,331.4900000000001,42.51616047609277,168.75,95.37
424,8,415.0,1214.97,1473.75,1293.58,180.17000000000007,12.22527565733673,51.875,151.87125
425,6,425.0,709.75,1114.9,1216.26,101.3599999999999,9.09139833168893,70.83333333333333,118.29166666666667
426,7,313.0,2408.02,1637.65,1287.75,349.9000000000001,21.365981742130497,44.714285714285715,344.0028571428571
427,13,235.0,426.07,897.26,1332.67,435.4100000000001,48.526625504313145,18.076923076923077,32.77461538461539
428,7,635.0,1406.31,1630.66,1394.73,235.93000000000006,14.468374768498649,90.71428571428571,200.90142857142857
429,10,1009.0,2164.22,1889.87,1556.83,333.03999999999996,17.622376142274334,100.9,216.42199999999997
430,3,692.0,450.7,748.57,1191.35,442.77999999999986,59.15011288189479,230.66666666666666,150.23333333333332
431,2,91.0,1073.76,1013.78,732.09,281.68999999999994,27.78610743948391,45.5,536.88
432,8,1187.0,1045.91,2047.06,1556.54,490.52,23.96217013668383,148.375,130.73875
433,14,600.0,1120.05,1847.84,1624.51,223.32999999999993,12.086003117152996,42.857142857142854,80.00357142857142
434,5,210.0,710.49,483.34,1071.73,588.3900000000001,121.73418297678656,42.0,142.098
435,12,10.0,1203.1,1564.9,1284.7,280.20000000000005,17.905297463096687,0.8333333333333334,100.25833333333333
436,1,452.0,275.05,282.89,896.51,613.62,216.91116688465485,452.0,275.05
437,4,256.0,2218.74,1476.03,1024.94,451.0899999999999,30.561031957345037,64.0,554.685
438,8,312.0,2383.17,1557.27,1249.73,307.53999999999996,19.748662723869334,39.0,297.89625
439,2,1175.0,816.2,1237.62,1336.22,98.60000000000014,7.966904219388839,587.5,408.1
440,11,960.0,383.64,1248.46,1529.05,280.5899999999999,22.47488906332601,87.27272727272727,34.876363636363635
441,6,690.0,1009.37,1559.83,1297.32,262.51,16.8293980754313,115.0,168.22833333333332
442,14,487.0,579.29,1516.68,1545.54,28.8599999999999,1.9028404145897553,34.785714285714285,41.37785714285714
443,8,75.0,315.71,593.83,988.33,394.5,66.43315426974048,9.375,39.46375
444,13,360.0,271.93,1017.64,1322.17,304.5300000000001,29.92512086789042,27.692307692307693,20.91769230769231
445,11,708.0,1871.77,1916.37,1654.38,261.9899999999998,13.671159535997734,64.36363636363636,170.1609090909091
446,3,182.0,347.82,384.77,841.92,457.15,118.81123788237129,60.666666666666664,115.94
447,10,683.0,2442.92,1643.68,1474.4,169.27999999999997,10.298841623673706,68.3,244.292
448,5,392.0,1264.6,1465.72,1172.01,293.71000000000004,20.038615833856397,78.4,252.92
449,10,175.0,1443.25,1635.5,1314.56,320.94000000000005,19.623356771629474,17.5,144.325
450,7,577.0,1959.13,1603.6,1455.32,148.27999999999997,9.246694936393114,82.42857142857143,279.8757142857143
451,13,799.0,951.92,1793.36,1732.72,60.63999999999987,3.381362358924024,61.46153846153846,73.22461538461538
452,13,608.0,370.89,1170.54,1472.99,302.45000000000005,25.8385018880175,46.76923076923077,28.529999999999998
453,7,194.0,202.49,686.23,961.63,275.4,40.132317153141074,27.714285714285715,28.927142857142858
454,13,889.0,232.72,1394.38,1520.7,126.31999999999994,9.05922345415166,68.38461538461539,17.90153846153846
455,7,901.0,136.8,1222.6,1217.83,4.769999999999982,0.39015213479469835,128.71428571428572,19.542857142857144
456,1,698.0,1525.82,1398.75,1058.74,340.01,24.308132260947275,698.0,1525.82
457,9,592.0,793.55,1235.69,1427.86,192.16999999999985,15.551635118840473,65.77777777777777,88.17222222222222
458,14,1015.0,871.76,1846.41,1841.83,4.580000000000155,0.24804891654617092,72.5,62.26857142857143
459,9,524.0,136.46,848.89,1135.79,286.9,33.797076181837454,58.22222222222222,15.162222222222223
460,5,781.0,2114.27,1789.85,1345.18,444.66999999999985,24.843981339218363,156.2,422.854
461,3,200.0,58.24,494.63,572.78,78.14999999999998,15.799688656167232,66.66666666666667,19.413333333333334
462,5,503.0,2335.55,1649.42,1269.52,379.9000000000001,23.032338640249304,100.6,467.11
463,11,667.0,2221.67,1872.89,1483.5,389.3900000000001,20.790863318187405,60.63636363636363,201.97
464,7,336.0,1843.58,1691.68,1334.33,357.35000000000014,21.12397143667834,48.0,263.36857142857144
465,4,217.0,1506.46,1455.37,998.83,456.53999999999985,31.369342503968056,54.25,376.615
466,8,207.0,1146.93,1479.01,1187.64,291.3699999999999,19.70034009235907,25.875,143.36625
467,7,690.0,1807.71,1710.98,1478.94,232.03999999999996,13.561818373096118,98.57142857142857,258.2442857142857
468,2,251.0,1916.43,1285.2,909.9,375.30000000000007,29.20168067226891,125.5,958.215
469,4,627.0,956.98,1337.63,1272.2,65.43000000000006,4.891487182554223,156.75,239.245
470,1,432.0,581.71,448.34,864.37,416.03000000000003,92.79341571129055,432.0,581.71
471,4,1194.0,2250.51,1691.15,1341.26,349.8900000000001,20.68947166129557,298.5,562.6275
472,10,64.0,455.9,774.64,1130.25,355.61,45.90648559330786,6.4,45.589999999999996
473,8,15.0,377.85,657.8,985.17,327.37,49.76740650653694,1.875,47.23125
474,11,741.0,1207.39,1878.06,1561.87,316.19000000000005,16.83599033044738,67.36363636363636,109.76272727272728
475,8,638.0,1007.48,1483.06,1348.15,134.90999999999985,9.096732431594127,79.75,125.935
476,12,965.0,1700.28,1879.09,1777.05,102.03999999999996,5.430288064967616,80.41666666666667,141.69
477,8,1182.0,990.07,1840.75,1652.3,188.45000000000005,10.237674860790442,147.75,123.75875
478,13,1062.0,869.28,2090.54,1810.27,280.27,13.406583944818085,81.6923076923077,66.86769230769231
479,1,754.0,1220.47,1346.14,1032.21,313.93000000000006,23.32075415632847,754.0,1220.47
480,14,767.0,186.47,1292.77,1490.69,197.92000000000007,15.309761210424133,54.785714285714285,13.319285714285714
481,11,775.0,1752.23,1809.29,1663.8,145.49,8.041275859591332,70.45454545454545,159.29363636363635
482,8,592.0,1402.98,1561.41,1400.98,160.43000000000006,10.27468762208517,74.0,175.3725
483,6,957.0,727.75,1448.72,1438.09,10.63000000000011,0.7337511734496734,159.5,121.29166666666667
484,9,800.0,2167.72,1726.51,1444.86,281.6500000000001,16.313256222089652,88.88888888888889,240.85777777777776
485,6,1198.0,222.6,1107.96,1322.02,214.05999999999995,19.320192064695473,199.66666666666666,37.1
486,3,1092.0,1737.65,1462.01,1316.63,145.37999999999988,9.943844433348602,364.0,579.2166666666667
487,12,958.0,2499.84,1791.69,1656.6,135.09000000000015,7.539808783885612,79.83333333333333,208.32000000000002
488,11,955.0,1282.19,2000.42,1660.68,339.74,16.983433478969417,86.81818181818181,116.56272727272727
489,11,605.0,1880.69,1711.55,1614.45,97.09999999999991,5.673220180538103,55.0,170.97181818181818
490,7,670.0,1558.02,1702.81,1433.2,269.6099999999999,15.83324034977478,95.71428571428571,222.5742857142857
491,11,844.0,1962.77,1787.57,1721.63,65.93999999999983,3.6888065921893873,76.72727272727273,178.43363636363637
492,3,718.0,1158.02,1416.98,1191.05,225.93000000000006,15.944473457635254,239.33333333333334,386.00666666666666
493,6,323.0,1477.23,1608.55,1224.68,383.8699999999999,23.864349880326998,53.833333333333336,246.205
494,14,616.0,2374.41,1828.37,1820.05,8.319999999999936,0.45505012661550653,44.0,169.60071428571428
495,8,752.0,1519.78,1662.92,1483.96,178.96000000000004,10.761792509561497,94.0,189.9725
496,1,1166.0,1423.69,1412.13,1200.2,211.93000000000006,15.007825058599424,1166.0,1423.69
497,3,1187.0,1632.14,1451.85,1328.17,123.67999999999984,8.51878637600302,395.6666666666667,544.0466666666667
498,3,1013.0,166.52,711.07,1183.03,471.9599999999999,66.37321220133038,337.6666666666667,55.50666666666667
499,5,741.0,429.24,951.92,1204.54,252.62,26.537944365072697,148.2,85.848
500,14,467.0,2176.26,1809.83,1733.17,76.65999999999985,4.23575694954774,33.357142857142854,155.44714285714286
501,3,224.0,358.77,406.36,865.5,459.14,112.98848311841716,74.66666666666667,119.58999999999999
502,3,712.0,512.23,751.16,1224.1,472.93999999999994,62.96128654347941,237.33333333333334,170.74333333333334
503,12,218.0,901.03,1371.86,1428.13,56.27000000000021,4.101730497281079,18.166666666666668,75.08583333333333
504,6,373.0,587.38,956.61,1154.89,198.2800000000001,20.727360157221867,62.166666666666664,97.89666666666666
505,8,562.0,2479.33,1478.31,1248.06,230.25,15.575217647178196,70.25,309.91625
506,5,132.0,2387.03,1454.05,1122.07,331.98,22.831401946287958,26.4,477.40600000000006
507,3,98.0,871.46,866.05,976.25,110.20000000000005,12.724438542809313,32.666666666666664,290.4866666666667
508,14,545.0,1206.76,1977.89,1618.36,359.5300000000002,18.177451728862586,38.92857142857143,86.19714285714285
509,1,869.0,1498.88,1398.94,1117.59,281.35000000000014,20.111655968090133,869.0,1498.88
510,2,875.0,393.25,640.56,1192.27,551.71,86.12932434120147,437.5,196.625
511,8,888.0,2296.07,1718.71,1450.99,267.72,15.57679887822844,111.0,287.00875
512,1,716.0,1396.41,1376.59,1046.05,330.53999999999996,24.011506694077394,716.0,1396.41
513,8,1025.0,1031.33,2214.64,1505.12,709.52,32.03771267564932,128.125,128.91625
514,9,1064.0,2016.76,1810.94,1514.22,296.72,16.384860900968558,118.22222222222223,224.08444444444444
515,4,463.0,1963.41,1607.34,1163.31,444.03,27.625144648923065,115.75,490.8525
516,1,678.0,1478.57,1370.31,1044.45,325.8599999999999,23.780020579284972,678.0,1478.57
517,1,436.0,1358.14,1154.03,934.41,219.62,19.030701108290078,436.0,1358.14
518,5,586.0,2135.36,1661.61,1276.02,385.5899999999999,23.205806416668167,117.2,427.072
519,1,797.0,126.8,543.18,953.58,410.4000000000001,75.55506461946318,797.0,126.8
520,14,481.0,939.99,877.17,1646.54,769.37,87.71047801452399,34.357142857142854,67.14214285714286
521,7,172.0,1486.86,1557.94,1206.29,351.6500000000001,22.571472585593803,24.571428571428573,212.4085714285714
522,10,1192.0,23.47,1157.87,1243.08,85.21000000000004,7.359202673875309,119.2,2.347
523,7,981.0,658.85,1351.69,1475.07,123.37999999999988,9.127832565159162,140.14285714285714,94.12142857142858
524,10,692.0,1671.71,1701.23,1573.54,127.69000000000005,7.505745842713804,69.2,167.171
525,13,710.0,2223.86,1979.83,1793.28,186.54999999999995,9.422526176489898,54.61538461538461,171.06615384615387
526,12,380.0,1526.79,1787.41,1510.27,277.1400000000001,15.505116341522097,31.666666666666668,127.2325
527,3,133.0,1728.5,1373.4,884.11,489.2900000000001,35.62618319499053,44.333333333333336,576.1666666666666
528,4,730.0,799.25,1250.66,1271.64,20.980000000000018,1.6775142724641403,182.5,199.8125
529,12,1070.0,1055.51,2030.76,1703.29,327.47,16.125489964348326,89.16666666666667,87.95916666666666
530,8,1185.0,554.98,1545.67,1528.81,16.860000000000127,1.0907891076361789,148.125,69.3725
531,11,456.0,2223.72,1600.1,1407.53,192.56999999999994,12.034872820448719,41.45454545454545,202.1563636363636
532,12,85.0,1056.43,1466.31,1294.97,171.33999999999992,11.685114334622277,7.083333333333333,88.03583333333334
533,2,543.0,103.37,544.12,877.95,333.83000000000004,61.352275233404406,271.5,51.685
534,6,367.0,1947.68,1606.76,1209.86,396.9000000000001,24.701884537827684,61.166666666666664,324.61333333333334
535,1,481.0,1792.17,1215.84,1015.42,200.41999999999996,16.484076852217395,481.0,1792.17
536,5,233.0,1862.04,1562.23,1099.06,463.1700000000001,29.648003174948634,46.6,372.408
537,1,45.0,1070.22,922.69,669.47,253.22000000000003,27.44367013839968,45.0,1070.22
538,5,152.0,2444.81,1523.75,1137.01,386.74,25.380803937653816,30.4,488.962
539,7,344.0,1242.05,1514.4,1242.44,271.96000000000004,17.95826730058109,49.142857142857146,177.43571428571428
540,5,320.0,1584.55,1584.73,1096.97,487.76,30.778744644198063,64.0,316.90999999999997
541,9,989.0,378.12,1193.72,1448.39,254.67000000000007,21.334148711590665,109.88888888888889,42.013333333333335
542,10,57.0,936.89,1237.07,1272.79,35.72000000000003,2.887467968667903,5.7,93.689
543,12,342.0,2253.61,1659.5,1597.06,62.440000000000055,3.762579090087379,28.5,187.80083333333334
544,2,983.0,2109.93,1519.98,1287.38,232.5999999999999,15.302832932012256,491.5,1054.965
545,10,886.0,1990.03,1749.93,1697.22,52.710000000000036,3.0121204848193948,88.6,199.003
546,10,5.0,836.86,1116.56,1220.46,103.90000000000009,9.305366482768513,0.5,83.686
547,3,80.0,517.54,457.49,860.48,402.99,88.0871713042908,26.666666666666668,172.51333333333332
548,8,482.0,1411.49,631.81,1357.49,725.6800000000001,114.85731469903928,60.25,176.43625
549,4,11.0,312.01,426.22,786.65,360.42999999999995,84.56430951151985,2.75,78.0025
550,12,1075.0,2328.11,1798.38,1900.26,101.87999999999988,5.66509858872985,89.58333333333333,194.0091666666667
551,13,632.0,268.91,1396.28,1436.49,40.210000000000036,2.8797948835477154,48.61538461538461,20.685384615384617
552,8,323.0,46.48,703.45,831.62,128.16999999999996,18.22020044068519,40.375,5.81
553,11,527.0,1550.32,1806.06,1533.79,272.27,15.075357407838055,47.90909090909091,140.93818181818182
554,5,948.0,898.6,1499.68,1433.6,66.08000000000015,4.406273338312183,189.6,179.72
555,5,504.0,1502.63,1628.66,1161.06,467.60000000000014,28.710719241585114,100.8,300.526
556,10,793.0,1422.29,2007.62,1574.57,433.04999999999995,21.570317091879936,79.3,142.22899999999998
557,13,32.0,232.43,805.12,1150.94,345.82000000000005,42.952603338632755,2.4615384615384617,17.87923076923077
558,9,768.0,1815.6,1666.18,1390.65,275.53,16.536628695579108,85.33333333333333,201.73333333333332
559,9,994.0,1742.62,1849.58,1659.97,189.6099999999999,10.251516560516437,110.44444444444444,193.62444444444444
560,1,1105.0,1432.3,1387.17,1184.7,202.47000000000003,14.595903890655077,1105.0,1432.3
561,12,178.0,507.59,907.19,1292.09,384.89999999999986,42.427716354898074,14.833333333333334,42.299166666666665
562,10,472.0,431.95,924.65,1306.58,381.92999999999995,41.3053587844049,47.2,43.195
563,5,716.0,1111.23,1492.08,1279.26,212.81999999999994,14.263310278269259,143.2,222.246
564,3,771.0,725.67,1166.93,1323.09,156.15999999999985,13.382122320961825,257.0,241.89
565,13,1054.0,1131.25,2162.03,1757.79,404.24000000000024,18.697242868970378,81.07692307692308,87.01923076923077
566,10,872.0,2191.27,1776.62,1512.55,264.06999999999994,14.86361743085184,87.2,219.127
567,12,1077.0,32.55,1387.43,1305.47,81.96000000000004,5.907325054236972,89.75,2.7125
568,12,211.0,749.56,1285.23,1383.56,98.32999999999993,7.65077067917804,17.583333333333332,62.46333333333333
569,4,199.0,1310.01,1400.57,961.43,439.14,31.354377146447522,49.75,327.5025
570,2,1029.0,1702.6,1577.55,1248.57,328.98,20.853855662261104,514.5,851.3
571,10,643.0,2263.77,1685.92,1440.28,245.6400000000001,14.570086362342227,64.3,226.377
572,10,797.0,1706.73,1724.42,1620.82,103.60000000000014,6.007817121118992,79.7,170.673
573,12,657.0,322.5,1113.16,1426.69,313.53,28.16576233425563,54.75,26.875
574,8,177.0,486.06,751.58,1103.96,352.38,46.88522845206099,22.125,60.7575
575,2,222.0,456.24,437.4,853.28,415.88,95.08001828989484,111.0,228.12
576,3,555.0,2342.76,1458.63,1114.88,343.75,23.566634444650113,185.0,780.9200000000001
577,2,785.0,1964.63,1522.76,1196.42,326.3399999999999,21.430822979327004,392.5,982.315
578,5,104.0,281.67,464.68,866.72,402.04,86.51975553068779,20.8,56.334
579,1,673.0,2026.16,1372.83,1117.2,255.62999999999988,18.620659513559573,673.0,2026.16
580,10,877.0,1711.12,1897.37,1653.48,243.88999999999987,12.854108581879121,87.7,171.112
581,1,250.0,1300.17,1145.33,848.5,296.8299999999999,25.916548069115446,250.0,1300.17
582,1,467.0,296.49,221.23,914.88,693.65,313.54246711567146,467.0,296.49
583,10,1026.0,828.82,1865.67,1653.58,212.09000000000015,11.368034003869932,102.6,82.882
584,11,1106.0,2250.54,2050.62,1632.01,418.6099999999999,20.413826062361622,100.54545454545455,204.59454545454545
585,12,452.0,816.56,1243.1,1510.82,267.72,21.53648137720216,37.666666666666664,68.04666666666667
586,14,865.0,2497.16,1885.87,1934.97,49.100000000000136,2.6035728867843564,61.785714285714285,178.3685714285714
587,8,107.0,2450.89,1468.19,1081.94,386.25,26.30790292809514,13.375,306.36125
588,8,80.0,1092.18,1365.73,1119.28,246.45000000000005,18.045294457908962,10.0,136.5225
589,8,945.0,766.98,1625.53,1516.58,108.95000000000005,6.70242936150056,118.125,95.8725
590,13,1140.0,1607.8,2214.64,1863.96,350.67999999999984,15.834627749882593,87.6923076923077,123.67692307692307
591,2,636.0,1438.19,1435.96,1068.9,367.05999999999995,25.56199337028886,318.0,719.095
592,14,865.0,1422.11,1921.18,1783.34,137.84000000000015,7.174757180482835,61.785714285714285,101.5792857142857
593,12,482.0,1710.47,1746.74,1584.48,162.26,9.289304647514799,40.166666666666664,142.53916666666666
594,2,68.0,756.61,648.53,809.26,160.73000000000002,24.783741692751303,34.0,378.305
595,14,512.0,526.84,1306.64,1538.51,231.8699999999999,17.745515214596207,36.57142857142857,37.63142857142857
596,14,1001.0,1647.24,2080.0,1873.32,206.68000000000006,9.936538461538465,71.5,117.66
597,1,547.0,573.6,616.27,907.27,291.0,47.21956285394389,547.0,573.6
598,10,5.0,1338.9,1610.25,1215.92,394.3299999999999,24.488743983853432,0.5,133.89000000000001
599,3,1158.0,1107.4,1361.3,1340.91,20.389999999999873,1.4978329537941582,386.0,369.1333333333334
600,1,993.0,1143.58,1328.85,1107.17,221.67999999999984,16.682093539526647,993.0,1143.58
601,6,378.0,837.63,1215.96,1231.27,15.309999999999945,1.2590874699825607,63.0,139.605
602,11,1156.0,2231.86,1988.56,1643.07,345.49,17.373878585509114,105.0909090909091,202.89636363636365
603,5,1050.0,882.86,1430.04,1465.26,35.22000000000003,2.4628681715196796,210.0,176.572
604,8,836.0,735.52,1606.63,1463.95,142.68000000000006,8.880700596901592,104.5,91.94
605,11,654.0,1516.42,1870.43,1579.22,291.21000000000004,15.569147201445658,59.45454545454545,137.85636363636365
606,8,633.0,1308.36,1639.12,1401.4,237.7199999999998,14.502903997266813,79.125,163.545
607,12,713.0,1642.01,1873.19,1667.42,205.76999999999998,10.9850041907121,59.416666666666664,136.83416666666668
608,5,96.0,1105.47,1312.16,1009.78,302.3800000000001,23.044445799292777,19.2,221.094
609,7,1054.0,576.47,1344.18,1472.66,128.48000000000002,9.558243687601365,150.57142857142858,82.35285714285715
610,12,495.0,1948.13,1831.92,1624.73,207.19000000000005,11.309991702694443,41.25,162.34416666666667
611,1,1068.0,2011.28,1421.45,815.18,606.2700000000001,42.65151781631433,1068.0,2011.28
612,7,1000.0,1620.46,1971.23,1574.92,396.30999999999995,20.104706198667834,142.85714285714286,231.49428571428572
613,13,855.0,1798.75,1951.77,1792.63,159.13999999999987,8.153624658643174,65.76923076923077,138.3653846153846
614,8,544.0,1279.51,1483.77,1360.81,122.96000000000004,8.286998658821787,68.0,159.93875
615,11,816.0,544.99,1077.12,1531.33,454.21000000000004,42.16893196672609,74.18181818181819,49.54454545454546
616,5,1080.0,2383.82,1664.76,1480.13,184.62999999999988,11.090487517720266,216.0,476.764
617,8,1124.0,1908.69,1833.27,1477.19,356.0799999999999,19.42321643838605,140.5,238.58625
618,3,29.0,1632.85,1269.1,829.02,440.0799999999999,34.67654243164447,9.666666666666666,544.2833333333333
619,6,470.0,2235.72,1628.6,1288.3,340.29999999999995,20.89524745179909,78.33333333333333,372.61999999999995
620,7,287.0,2293.5,1558.09,1263.59,294.5,18.90134716223068,41.0,327.64285714285717
621,4,72.0,1367.29,1302.97,916.52,386.45000000000005,29.65916329616185,18.0,341.8225
622,6,344.0,233.31,800.18,998.21,198.0300000000001,24.748181659126708,57.333333333333336,38.885
623,8,801.0,1241.21,1780.65,1456.89,323.76,18.182124505096454,100.125,155.15125
624,5,629.0,484.34,1029.87,1180.29,150.42000000000007,14.605726936409457,125.8,96.868
625,11,327.0,961.08,1356.46,1447.59,91.12999999999988,6.718222431918367,29.727272727272727,87.3709090909091
626,14,94.0,105.94,1180.63,1144.84,35.79000000000019,3.0314323708528654,6.714285714285714,7.567142857142857
627,4,1113.0,2103.82,1695.08,1304.11,390.97,23.06498808315832,278.25,525.955
628,14,267.0,2090.21,1968.4,1631.67,336.73,17.106787238366188,19.071428571428573,149.3007142857143
629,1,979.0,1292.54,1313.53,1126.45,187.07999999999993,14.242537285025842,979.0,1292.54
630,10,625.0,519.94,1229.41,1401.32,171.90999999999985,13.983130119325518,62.5,51.99400000000001
631,14,457.0,848.61,1492.64,1611.79,119.14999999999986,7.98250080394468,32.642857142857146,60.615
632,11,398.0,723.39,1154.77,1415.12,260.3499999999999,22.54561514414125,36.18181818181818,65.76272727272728
633,14,68.0,438.96,866.76,1305.87,439.1099999999999,50.661082652637404,4.857142857142857,31.354285714285712
634,3,769.0,2497.93,1587.8,1300.5,287.29999999999995,18.094218415417558,256.3333333333333,832.6433333333333
635,13,694.0,1054.31,1815.02,1604.66,210.3599999999999,11.589954931626092,53.38461538461539,81.10076923076923
636,12,1088.0,1977.91,1883.21,1857.53,25.680000000000064,1.3636291226151127,90.66666666666667,164.82583333333335
637,9,101.0,950.23,1281.64,1253.14,28.5,2.2237133672482132,11.222222222222221,105.58111111111111
638,1,170.0,2452.85,1209.08,896.74,312.3399999999999,25.832864657425475,170.0,2452.85
639,12,1135.0,475.95,1447.39,1666.15,218.76,15.114101935207511,94.58333333333333,39.6625
640,3,1109.0,2092.26,1436.66,1367.36,69.30000000000018,4.823688276975776,369.6666666666667,697.4200000000001
641,7,753.0,358.13,1084.79,1276.63,191.84000000000015,17.684528802809773,107.57142857142857,51.16142857142857
642,2,521.0,467.19,667.85,1070.1,402.2499999999999,60.2305907015048,260.5,233.595
643,12,1003.0,983.23,1996.18,1776.89,219.28999999999996,10.98548227113787,83.58333333333333,81.93583333333333
644,3,269.0,708.05,799.12,1007.55,208.42999999999995,26.082440684753223,89.66666666666667,236.01666666666665
645,14,646.0,2418.19,1931.21,1837.56,93.65000000000009,4.849291376908782,46.142857142857146,172.72785714285715
646,14,1153.0,346.58,1292.93,1710.39,417.46000000000004,32.28790421755238,82.35714285714286,24.755714285714284
647,4,18.0,289.06,380.88,779.45,398.57000000000005,104.64450745641673,4.5,72.265
648,13,1167.0,1074.36,2197.33,1781.0,416.3299999999999,18.947085781380128,89.76923076923077,82.64307692307692
649,1,1113.0,1536.0,1403.6,781.46,622.1399999999999,44.324593901396405,1113.0,1536.0
650,6,930.0,1907.95,1788.75,1418.02,370.73,20.7256464011181,155.0,317.9916666666667
651,5,714.0,617.72,1164.2,1259.41,95.21000000000004,8.178148084521562,142.8,123.54400000000001
652,7,256.0,2180.53,1548.87,1237.2,311.66999999999985,20.12241182281275,36.57142857142857,311.50428571428574
653,9,1063.0,2497.79,1761.94,1569.0,192.94000000000005,10.95042964005585,118.11111111111111,277.53222222222223
654,11,512.0,2016.19,1710.53,1596.23,114.29999999999995,6.682139453853482,46.54545454545455,183.29
655,9,463.0,1024.53,1476.48,1324.64,151.83999999999992,10.283918508885993,51.44444444444444,113.83666666666666
656,12,714.0,2003.23,1829.06,1720.24,108.81999999999994,5.949504116868771,59.5,166.93583333333333
657,9,1165.0,1868.79,1945.95,1522.62,423.33000000000015,21.754413011639567,129.44444444444446,207.64333333333332
658,1,872.0,2420.07,1456.34,804.47,651.8699999999999,44.76083881511185,872.0,2420.07
659,10,631.0,1220.71,1730.86,1475.26,255.5999999999999,14.767225541060508,63.1,122.071
660,9,633.0,888.17,1384.78,1469.86,85.07999999999993,6.143936220915953,70.33333333333333,98.68555555555555
661,4,1065.0,119.34,781.82,1120.0,338.17999999999995,43.25548080120743,266.25,29.835
662,12,947.0,193.05,1225.63,1476.62,250.98999999999978,20.478447818672826,78.91666666666667,16.087500000000002
663,4,159.0,568.58,647.0,956.4,309.4,47.82071097372488,39.75,142.145
664,1,292.0,449.83,363.02,827.05,464.03,127.82491322792133,292.0,449.83
665,1,1115.0,926.13,1192.88,1198.94,6.059999999999945,0.5080142176916325,1115.0,926.13
666,7,1168.0,667.94,1639.55,1535.85,103.70000000000005,6.324906224268857,166.85714285714286,95.42
667,4,348.0,2047.08,1507.04,1040.62,466.4200000000001,30.949410765474045,87.0,511.77
668,8,77.0,1930.98,1485.69,1102.7,382.99,25.778594457794025,9.625,241.3725
669,7,1033.0,1013.03,2119.83,1479.94,639.8899999999999,30.185911134383414,147.57142857142858,144.71857142857144
670,4,672.0,1603.52,1612.43,1193.33,419.10000000000014,25.99182600174892,168.0,400.88
671,4,1191.0,999.45,1478.93,1489.32,10.389999999999873,0.7025349408017872,297.75,249.8625
672,8,392.0,661.27,978.13,1258.81,280.67999999999995,28.69557216320938,49.0,82.65875
673,7,951.0,584.4,1253.76,1439.47,185.71000000000004,14.812244767738644,135.85714285714286,83.48571428571428
674,5,778.0,2423.47,1643.96,1380.94,263.02,15.999172729263483,155.6,484.69399999999996
675,11,958.0,1999.13,1900.18,1772.27,127.91000000000008,6.7314675451799335,87.0909090909091,181.73909090909092
676,3,186.0,1068.31,1152.04,877.17,274.87,23.859414603659594,62.0,356.1033333333333
677,5,1116.0,2460.46,1711.97,1498.89,213.07999999999993,12.44647978644485,223.2,492.092
678,13,63.0,107.92,710.25,1085.96,375.71000000000004,52.89827525519184,4.846153846153846,8.301538461538462
679,6,170.0,476.99,600.23,1025.53,425.29999999999995,70.85617180080968,28.333333333333332,79.49833333333333
680,3,870.0,413.23,795.8,1252.71,456.9100000000001,57.415179693390314,290.0,137.74333333333334
681,12,852.0,1957.9,1944.89,1769.15,175.74,9.035986611067978,71.0,163.15833333333333
682,6,420.0,386.77,929.16,1103.33,174.16999999999996,18.744887855697616,70.0,64.46166666666666
683,6,668.0,1922.45,1796.98,1323.49,473.49,26.349208115838795,111.33333333333333,320.40833333333336
684,8,795.0,1645.99,644.69,1338.33,693.6399999999999,107.59279653787088,99.375,205.74875
685,4,420.0,927.74,1238.04,1177.95,60.08999999999992,4.853639623921676,105.0,231.935
686,12,1074.0,2407.71,1843.97,1680.84,163.1300000000001,8.846673210518615,89.5,200.6425
687,12,916.0,2394.85,1740.85,1852.63,111.7800000000002,6.421001235028877,76.33333333333333,199.57083333333333
688,4,1075.0,586.17,1023.65,1338.14,314.4900000000001,30.722414887901152,268.75,146.5425
689,5,1143.0,1217.72,1745.09,1455.22,289.8699999999999,16.610604610650448,228.6,243.544
690,2,719.0,591.44,755.3,1202.0,446.70000000000005,59.142062756520595,359.5,295.72
691,4,197.0,1858.84,1416.33,1039.58,376.75,26.60043916318937,49.25,464.71
692,6,248.0,395.4,710.15,1029.42,319.2700000000001,44.95810744208971,41.333333333333336,65.89999999999999
693,10,834.0,1820.8,1883.49,1652.44,231.04999999999995,12.267121142135077,83.4,182.07999999999998
694,1,1112.0,2011.44,1423.85,823.07,600.7799999999999,42.19405133967763,1112.0,2011.44
695,12,1189.0,1453.16,2162.13,1809.13,353.0,16.32649285658124,99.08333333333333,121.09666666666668
696,14,269.0,1349.61,1832.34,1521.29,311.04999999999995,16.975561304124778,19.214285714285715,96.40071428571427
697,7,671.0,1262.85,1600.42,1384.7,215.72000000000003,13.478961772534712,95.85714285714286,180.40714285714284
698,9,52.0,350.58,601.81,1037.21,435.4000000000001,72.3484156129011,5.777777777777778,38.95333333333333
699,14,976.0,1526.58,1995.87,1844.64,151.2299999999998,7.5771468081588385,69.71428571428571,109.04142857142857
700,2,370.0,1554.5,1311.23,909.63,401.6,30.627731214203457,185.0,777.25
701,4,1180.0,1948.55,1565.16,1410.4,154.76,9.887806997367681,295.0,487.1375
702,5,36.0,2022.94,1410.58,1035.33,375.25,26.602532291681435,7.2,404.588
703,5,691.0,1030.64,1465.26,1253.88,211.37999999999988,14.426108676958346,138.2,206.12800000000001
704,8,52.0,2353.5,1485.05,1141.36,343.69000000000005,23.143328507457667,6.5,294.1875
705,11,24.0,2029.04,1569.37,1375.19,194.17999999999984,12.373117875325757,2.1818181818181817,184.45818181818183
706,8,221.0,936.98,1287.0,1258.77,28.230000000000018,2.1934731934731952,27.625,117.1225
707,1,85.0,89.83,175.53,435.05,259.52,147.84937047798095,85.0,89.83
708,7,803.0,12.75,1146.78,982.49,164.28999999999996,14.326200317410487,114.71428571428571,1.8214285714285714
709,12,893.0,910.41,1862.13,1714.67,147.46000000000004,7.918888584577877,74.41666666666667,75.86749999999999
710,14,113.0,1091.13,1703.02,1404.93,298.0899999999999,17.503611231811718,8.071428571428571,77.93785714285715
711,5,516.0,1878.49,669.85,1217.65,547.8000000000001,81.77950287377772,103.2,375.698
712,14,904.0,2005.96,1970.01,1886.62,83.3900000000001,4.232973436683068,64.57142857142857,143.28285714285715
713,1,1058.0,1601.04,1465.9,777.69,688.21,46.947950064806605,1058.0,1601.04
714,14,555.0,313.73,1201.26,1471.93,270.6700000000001,22.53217455005578,39.642857142857146,22.409285714285716
715,7,738.0,730.28,1429.72,1399.23,30.49000000000001,2.1325854013373253,105.42857142857143,104.32571428571428
716,8,792.0,2437.24,1556.7,1318.3,238.4000000000001,15.314447228110753,99.0,304.655
717,5,831.0,432.8,901.36,1241.91,340.55000000000007,37.781796396556324,166.2,86.56
718,7,709.0,320.8,1116.62,1242.73,126.11000000000013,11.293904819902934,101.28571428571429,45.82857142857143
719,9,1078.0,161.85,1260.96,1366.89,105.93000000000006,8.400742291587367,119.77777777777777,17.983333333333334
720,2,616.0,968.93,1163.1,1171.27,8.170000000000073,0.7024331527813664,308.0,484.465
721,2,570.0,2297.12,1423.86,1158.32,265.53999999999996,18.649305409239673,285.0,1148.56
722,9,13.0,986.41,1271.52,1218.29,53.23000000000002,4.18632817415377,1.4444444444444444,109.60111111111111
723,7,381.0,2106.96,1705.27,1279.93,425.3399999999999,24.942677699132684,54.42857142857143,300.9942857142857
724,9,460.0,2424.47,1624.68,1352.51,272.1700000000001,16.752221976019896,51.111111111111114,269.3855555555555
725,4,425.0,1286.54,1449.26,1051.27,397.99,27.461601092971588,106.25,321.635
726,11,437.0,1053.24,1630.47,1408.51,221.96000000000004,13.61325262041007,39.72727272727273,95.74909090909091
727,9,1000.0,1901.79,1778.65,1483.2,295.45000000000005,16.610912770921768,111.11111111111111,211.31
728,1,553.0,1687.11,1295.34,1028.41,266.92999999999984,20.60694489477665,553.0,1687.11
729,10,5.0,1094.06,1361.08,1172.14,188.93999999999983,13.88162341669849,0.5,109.40599999999999
730,12,931.0,864.21,1663.58,1717.72,54.1400000000001,3.254427199172874,77.58333333333333,72.0175
731,6,436.0,914.53,1389.11,1277.74,111.36999999999989,8.017363635709188,72.66666666666667,152.42166666666665
732,3,1074.0,247.32,636.02,1252.77,616.75,96.97022106223075,358.0,82.44
733,9,896.0,1398.54,1727.1,1566.84,160.26,9.279138440159805,99.55555555555556,155.39333333333332
734,1,462.0,2047.57,1202.9,1040.67,162.23000000000002,13.48657411256131,462.0,2047.57
735,3,665.0,2418.16,1490.96,1253.21,237.75,15.946101840424962,221.66666666666666,806.0533333333333
736,11,532.0,2419.86,1653.69,1458.31,195.3800000000001,11.814789954586416,48.36363636363637,219.98727272727274
737,9,483.0,52.64,949.04,952.12,3.080000000000041,0.3245384809913219,53.666666666666664,5.848888888888889
738,12,296.0,326.83,981.72,1274.03,292.30999999999995,29.775292344049216,24.666666666666668,27.235833333333332
739,9,131.0,1990.0,1557.2,1171.95,385.25,24.73991780118161,14.555555555555555,221.11111111111111
740,6,836.0,2035.17,1718.79,1399.72,319.06999999999994,18.563640700725507,139.33333333333334,339.195
741,10,532.0,1223.36,1631.49,1436.13,195.3599999999999,11.974330213485826,53.2,122.33599999999998
742,14,595.0,2140.61,1989.13,1781.28,207.85000000000014,10.449291901484575,42.5,152.9007142857143
743,7,623.0,1894.02,1739.49,1464.55,274.94000000000005,15.805782154539552,89.0,270.57428571428574
744,5,1077.0,2234.35,1665.23,1461.65,203.57999999999993,12.225338241564224,215.4,446.87
745,5,579.0,1018.52,1468.01,1206.72,261.28999999999996,17.798925075442263,115.8,203.704
746,8,255.0,1817.19,1510.91,1159.9,351.01,23.23169480644115,31.875,227.14875
747,8,1009.0,1378.07,1903.76,1562.73,341.03,17.913497499684834,126.125,172.25875
748,10,87.0,498.96,781.97,1157.43,375.46000000000004,48.01462971725258,8.7,49.896
749,1,809.0,1734.56,1447.25,733.81,713.44,49.296251511487306,809.0,1734.56
750,9,1079.0,1981.94,1763.16,1513.95,249.21000000000004,14.134281630708504,119.88888888888889,220.21555555555557
751,8,1134.0,1049.84,2073.13,1541.4,531.73,25.64865686184658,141.75,131.23
752,8,403.0,654.97,895.14,1261.82,366.67999999999995,40.963424715686926,50.375,81.87125
753,8,534.0,429.88,916.02,1241.99,325.97,35.58546756621035,66.75,53.735
754,13,564.0,2245.56,1745.09,1737.71,7.379999999999882,0.42290082459929756,43.38461538461539,172.73538461538462
755,2,752.0,958.29,1144.41,1222.66,78.25,6.837584432152812,376.0,479.145
756,11,293.0,1410.0,1673.7,1407.19,266.51,15.923403238334227,26.636363636363637,128.1818181818182
757,5,919.0,470.23,1119.17,1291.15,171.98000000000002,15.366744998525695,183.8,94.046
758,5,103.0,333.22,573.58,890.01,316.42999999999995,55.16754419610167,20.6,66.644
759,1,893.0,19.76,570.71,798.65,227.93999999999994,39.93972420318549,893.0,19.76
760,12,37.0,52.65,789.01,883.28,94.26999999999998,11.947884057236282,3.0833333333333335,4.3875
761,8,1142.0,776.74,1827.44,1583.94,243.5,13.324650877730596,142.75,97.0925
762,5,332.0,218.03,801.73,936.51,134.77999999999997,16.81114589699774,66.4,43.606
763,7,950.0,1739.62,2032.23,1572.93,459.29999999999995,22.60078829660028,135.71428571428572,248.51714285714283
764,9,223.0,1916.03,1623.73,1199.28,424.45000000000005,26.140429751251748,24.77777777777778,212.89222222222222
765,6,522.0,1210.87,1577.01,1267.9,309.1099999999999,19.601017114666355,87.0,201.81166666666664
766,12,46.0,2077.07,1666.29,1437.74,228.54999999999995,13.716099838563514,3.8333333333333335,173.08916666666667
767,2,252.0,1545.94,1300.19,863.35,436.84000000000003,33.598166421830655,126.0,772.97
768,14,999.0,619.42,1510.57,1763.95,253.3800000000001,16.773800618309654,71.35714285714286,44.24428571428571
769,13,125.0,2004.61,1721.56,1511.08,210.48000000000002,12.22612049536467,9.615384615384615,154.20076923076923
770,9,597.0,625.99,990.84,1380.23,389.39,39.298978644382544,66.33333333333333,69.55444444444444
771,3,289.0,853.79,969.85,1057.58,87.7299999999999,9.045728720936218,96.33333333333333,284.59666666666664
772,7,953.0,1918.24,1833.56,1599.98,233.57999999999993,12.739152250267235,136.14285714285714,274.0342857142857
773,4,275.0,2359.64,1483.58,1047.65,435.92999999999984,29.383653055446953,68.75,589.91
774,5,755.0,1584.41,1729.08,1265.31,463.77,26.82177805538205,151.0,316.882
775,9,803.0,880.17,1589.75,1535.75,54.0,3.3967604969334797,89.22222222222223,97.79666666666667
776,11,293.0,285.14,966.87,1208.43,241.56000000000006,24.98371032300103,26.636363636363637,25.921818181818182
777,6,164.0,1460.21,1535.3,1150.38,384.91999999999985,25.071321565817744,27.333333333333332,243.36833333333334
778,12,675.0,2277.93,1807.33,1741.31,66.01999999999998,3.65290234766202,56.25,189.8275
779,11,859.0,146.71,1267.98,1366.97,98.99000000000001,7.806905471695138,78.0909090909091,13.337272727272728
780,2,296.0,1878.7,1354.0,922.56,431.44000000000005,31.864106351550962,148.0,939.35
781,7,300.0,2417.85,1634.04,1283.51,350.53,21.451739247509238,42.857142857142854,345.40714285714284
782,2,1155.0,1517.18,1543.17,1256.96,286.21000000000004,18.54688725156658,577.5,758.59
783,5,765.0,480.48,1038.42,1233.29,194.8699999999999,18.766009899655234,153.0,96.096
784,9,1097.0,2330.2,1728.07,1559.47,168.5999999999999,9.75654921386286,121.88888888888889,258.9111111111111
785,4,422.0,2049.71,1491.9,1069.23,422.6700000000001,28.330987331590592,105.5,512.4275
786,14,1020.0,510.33,1406.95,1733.96,327.01,23.24247485696009,72.85714285714286,36.45214285714285
787,4,205.0,545.57,682.22,969.38,287.15999999999997,42.091993784996035,51.25,136.3925
788,12,1046.0,1850.85,1875.72,1826.98,48.74000000000001,2.598468854626491,87.16666666666667,154.23749999999998
789,4,1001.0,739.08,1116.31,1362.89,246.58000000000015,22.088846288217447,250.25,184.77
790,9,938.0,742.17,1632.1,1551.68,80.41999999999985,4.927394154769919,104.22222222222223,82.46333333333332
791,5,351.0,407.74,883.11,1032.7,149.59000000000003,16.93899967161509,70.2,81.548
792,9,748.0,653.42,1249.66,1449.2,199.53999999999996,15.96754317174271,83.11111111111111,72.60222222222222
793,13,1186.0,2462.26,1906.35,1995.46,89.11000000000013,4.674377737561315,91.23076923076923,189.4046153846154
794,6,384.0,1656.04,1682.33,1280.16,402.16999999999985,23.90553577478853,64.0,276.00666666666666
795,10,150.0,418.41,844.9,1156.44,311.5400000000001,36.87300272221566,15.0,41.841
796,10,783.0,158.93,993.55,1299.78,306.23,30.821800613960043,78.3,15.893
797,6,372.0,2494.69,1742.34,1277.94,464.39999999999986,26.65381039291986,62.0,415.7816666666667
798,10,958.0,1643.76,1827.18,1675.69,151.49,8.290918245602514,95.8,164.376
799,8,34.0,1225.2,1438.52,1120.66,317.8599999999999,22.096321219030663,4.25,153.15
800,7,151.0,2461.93,1516.58,1226.88,289.6999999999998,19.102190454839167,21.571428571428573,351.7042857142857
801,7,150.0,1379.35,1500.09,1178.74,321.3499999999999,21.422048010452702,21.428571428571427,197.04999999999998
802,6,751.0,2085.98,1757.81,1374.8,383.01,21.789044322196368,125.16666666666667,347.66333333333336
803,7,568.0,159.12,738.92,1099.9,360.98000000000013,48.852379147945676,81.14285714285714,22.731428571428573
804,12,574.0,2240.9,1785.72,1696.11,89.61000000000013,5.018143941939393,47.833333333333336,186.74166666666667
805,13,36.0,808.38,1190.16,1363.17,173.01,14.536700947771727,2.769230769230769,62.183076923076925
806,14,595.0,1818.77,1889.9,1736.54,153.36000000000013,8.114715064289122,42.5,129.91214285714287
807,7,381.0,2342.27,1705.24,1308.25,396.99,23.280593933991696,54.42857142857143,334.61
808,14,174.0,815.3,1295.14,1475.38,180.24,13.916642216285496,12.428571428571429,58.23571428571428
809,11,226.0,2013.45,1590.82,1467.75,123.06999999999994,7.736261802089485,20.545454545454547,183.04090909090908
810,13,137.0,1505.66,1777.72,1442.55,335.1700000000001,18.853925252570715,10.538461538461538,115.82000000000001
811,13,774.0,206.45,1110.0,1460.2,350.20000000000005,31.549549549549553,59.53846153846154,15.88076923076923
812,5,1120.0,1514.91,1658.97,1378.51,280.46000000000004,16.90567038584182,224.0,302.982
813,4,862.0,2335.55,1698.94,1254.18,444.76,26.17867611569567,215.5,583.8875
814,8,829.0,1147.89,2004.34,1451.27,553.0699999999999,27.59362184060588,103.625,143.48625
815,4,380.0,446.66,764.24,1012.78,248.53999999999996,32.52119752957186,95.0,111.665
816,9,238.0,1197.83,1560.78,1255.86,304.9200000000001,19.536385653327187,26.444444444444443,133.0922222222222
817,13,1199.0,493.0,1634.13,1736.51,102.37999999999988,6.265107427193667,92.23076923076923,37.92307692307692
818,12,710.0,1249.41,1921.09,1601.94,319.14999999999986,16.612964514936827,59.166666666666664,104.1175
819,14,719.0,1973.14,1980.99,1808.07,172.92000000000007,8.728968848908883,51.357142857142854,140.93857142857144
820,1,482.0,1697.08,1198.24,1002.89,195.35000000000002,16.303077847509684,482.0,1697.08
821,9,444.0,725.31,1062.52,1346.38,283.8600000000001,26.715732409742888,49.333333333333336,80.58999999999999
822,11,610.0,1990.79,1753.56,1631.92,121.63999999999987,6.936745819932017,55.45454545454545,180.98090909090908
823,4,238.0,1707.28,1483.48,1036.11,447.3700000000001,30.15679348558795,59.5,426.82
824,2,299.0,1612.7,1282.8,890.18,392.62,30.606485812285626,149.5,806.35
825,10,273.0,799.9,1155.05,1335.67,180.62000000000012,15.637418293580374,27.3,79.99
826,3,154.0,274.04,406.91,795.51,388.59999999999997,95.50023346685997,51.333333333333336,91.34666666666668
827,7,636.0,697.02,1276.06,1348.63,72.57000000000016,5.687036659718208,90.85714285714286,99.57428571428571
828,2,1038.0,685.07,962.14,1257.94,295.80000000000007,30.743966574510996,519.0,342.535
829,2,798.0,2334.41,1485.4,1246.43,238.97000000000003,16.087922445132623,399.0,1167.205
830,12,601.0,2166.56,1918.46,1697.13,221.32999999999993,11.536857687937195,50.083333333333336,180.54666666666665
831,6,290.0,814.04,1077.35,1185.23,107.88000000000011,10.013458950201896,48.333333333333336,135.67333333333332
832,8,16.0,259.02,543.56,931.75,388.19000000000005,71.41621900066232,2.0,32.3775
833,8,303.0,1072.44,1453.25,1216.88,236.3699999999999,16.264923447445373,37.875,134.055
834,11,372.0,2048.26,1632.61,1538.22,94.38999999999987,5.78153998811718,33.81818181818182,186.20545454545456
835,3,864.0,2338.52,1513.04,1317.04,196.0,12.9540527679374,288.0,779.5066666666667
836,11,913.0,2253.41,1758.56,1573.73,184.82999999999993,10.510303884996812,83.0,204.85545454545453
837,14,805.0,834.06,1683.49,1749.2,65.71000000000004,3.903201088215554,57.5,59.575714285714284
838,5,905.0,2317.31,1691.38,1415.31,276.07000000000016,16.32217479218154,181.0,463.462
839,10,728.0,226.53,1060.47,1317.96,257.49,24.280743443944665,72.8,22.653
840,4,842.0,893.25,1324.64,1341.8,17.159999999999854,1.295446309940803,210.5,223.3125
841,5,117.0,953.06,1116.8,1096.06,20.74000000000001,1.8570916905444137,23.4,190.612
842,12,307.0,957.17,1432.75,1482.6,49.84999999999991,3.479322980282667,25.583333333333332,79.76416666666667
843,9,51.0,314.81,704.94,1020.92,315.9799999999999,44.823672936703815,5.666666666666667,34.97888888888889
844,7,1071.0,841.11,1699.9,1556.42,143.48000000000002,8.440496499794106,153.0,120.15857142857143
845,13,922.0,1510.22,1967.87,1775.43,192.43999999999983,9.779101261770332,70.92307692307692,116.17076923076924
846,8,867.0,2373.39,1747.22,1452.28,294.94000000000005,16.880530213710927,108.375,296.67375
847,11,1013.0,1483.3,1952.8,1716.21,236.58999999999992,12.115424006554687,92.0909090909091,134.84545454545454
848,6,1148.0,1525.81,1776.48,1556.51,219.97000000000003,12.382351616680177,191.33333333333334,254.30166666666665
849,12,158.0,2195.67,1625.46,1506.68,118.77999999999997,7.3074698854478095,13.166666666666666,182.9725
850,5,1010.0,2054.21,1810.37,1421.06,389.30999999999995,21.504443842971323,202.0,410.842
851,1,682.0,1517.04,1376.04,1051.59,324.45000000000005,23.57852969390425,682.0,1517.04
852,5,14.0,78.33,406.7,584.53,177.82999999999998,43.72510449963117,2.8,15.666
853,6,1203.0,1900.48,1972.88,1498.83,474.0500000000002,24.028324074449543,200.5,316.74666666666667
854,4,810.0,1852.31,1575.87,1278.24,297.6299999999999,18.88671019817624,202.5,463.0775
855,3,760.0,2073.25,1522.45,1246.85,275.60000000000014,18.102400735656353,253.33333333333334,691.0833333333334
856,7,868.0,625.09,1403.48,1419.35,15.86999999999989,1.1307606805939443,124.0,89.29857142857144
857,7,205.0,103.31,683.1,898.91,215.80999999999995,31.592738984043322,29.285714285714285,14.758571428571429
858,5,387.0,1882.35,1588.8,1165.49,423.30999999999995,26.643378650553874,77.4,376.46999999999997
859,11,447.0,130.07,852.02,1187.71,335.69000000000005,39.39930987535505,40.63636363636363,11.824545454545454
860,9,482.0,1348.44,1633.26,1391.94,241.31999999999994,14.775357260938243,53.55555555555556,149.82666666666668
861,7,15.0,2436.67,1459.63,1163.77,295.8600000000001,20.269520357898926,2.142857142857143,348.0957142857143
862,10,955.0,1182.33,1950.3,1597.96,352.3399999999999,18.065938573552785,95.5,118.23299999999999
863,5,41.0,2314.68,1500.28,1073.22,427.05999999999995,28.465353134081635,8.2,462.936
864,2,1189.0,1164.74,1666.52,1211.26,455.26,27.318003984350625,594.5,582.37
865,2,762.0,519.74,752.69,1194.53,441.8399999999999,58.70145743931763,381.0,259.87
866,10,895.0,937.46,1714.8,1632.44,82.3599999999999,4.802892465593649,89.5,93.74600000000001
867,13,858.0,2258.01,1889.71,1856.93,32.77999999999997,1.7346576988003435,66.0,173.69307692307694
868,11,650.0,524.8,1179.09,1458.0,278.9100000000001,23.654682848637517,59.09090909090909,47.709090909090904
869,4,198.0,2106.63,1450.67,990.11,460.56000000000006,31.748088814134164,49.5,526.6575
870,1,791.0,1927.75,1419.88,1147.98,271.9000000000001,19.149505592021864,791.0,1927.75
871,14,1020.0,1201.75,2337.73,1805.46,532.27,22.76866875131003,72.85714285714286,85.83928571428571
872,12,59.0,2247.39,1629.92,1466.85,163.07000000000016,10.004785510945332,4.916666666666667,187.2825
873,8,626.0,545.84,1142.89,1320.62,177.7299999999998,15.550927910822542,78.25,68.23
874,5,57.0,559.05,639.73,953.17,313.43999999999994,48.99567004830161,11.4,111.80999999999999
875,5,908.0,716.7,1375.88,1367.26,8.620000000000118,0.6265081257086459,181.6,143.34
876,13,8.0,78.44,713.71,926.58,212.87,29.825839626739153,0.6153846153846154,6.033846153846154
877,11,684.0,672.51,1487.93,1519.44,31.50999999999999,2.1177071502019578,62.18181818181818,61.13727272727272
878,4,180.0,2365.46,1443.02,1011.94,431.0799999999999,29.873459827306615,45.0,591.365
879,13,511.0,1628.33,1915.79,1629.53,286.26,14.942138752159684,39.30769230769231,125.25615384615384
880,4,231.0,20.39,499.26,603.8,104.53999999999996,20.938989704763042,57.75,5.0975
881,9,1139.0,1973.31,1759.33,1528.73,230.5999999999999,13.107262423763588,126.55555555555556,219.25666666666666
882,9,578.0,1167.71,1587.21,1399.5,187.71000000000004,11.826412383994558,64.22222222222223,129.74555555555557
883,14,530.0,2028.06,2079.14,1740.06,339.0799999999999,16.308666083092042,37.857142857142854,144.86142857142858
884,7,316.0,141.89,837.8,978.22,140.42000000000007,16.760563380281702,45.142857142857146,20.27
885,2,897.0,2382.39,1437.95,1288.37,149.58000000000015,10.40230884244933,448.5,1191.195
886,12,121.0,608.92,1033.44,1300.46,267.02,25.837978015172624,10.083333333333334,50.74333333333333
887,4,764.0,1417.94,1682.1,1199.92,482.17999999999984,28.665358777718318,191.0,354.485
888,11,663.0,2141.08,1715.29,1673.55,41.74000000000001,2.43340776195279,60.27272727272727,194.64363636363635
889,3,91.0,1640.15,1338.3,856.32,481.9799999999999,36.01434655906747,30.333333333333332,546.7166666666667
890,1,1035.0,1289.84,1317.33,1143.37,173.96000000000004,13.205499001768734,1035.0,1289.84
891,7,125.0,193.62,616.24,925.41,309.16999999999996,50.17038816045696,17.857142857142858,27.66
892,12,437.0,639.96,1183.74,1452.47,268.73,22.701775727778063,36.416666666666664,53.330000000000005
893,4,84.0,2243.12,1392.1,961.18,430.91999999999996,30.954672796494503,21.0,560.78
894,5,716.0,1316.6,1686.98,1316.02,370.96000000000004,21.98959086651887,143.2,263.32
895,12,18.0,2461.37,1556.78,1296.72,260.05999999999995,16.704993640719945,1.5,205.11416666666665
896,3,560.0,1664.15,1419.48,1036.66,382.81999999999994,26.9690309127286,186.66666666666666,554.7166666666667
897,3,504.0,63.39,568.17,712.02,143.85000000000002,25.31812661703364,168.0,21.13
898,5,1126.0,664.9,1336.74,1426.32,89.57999999999993,6.701377979262977,225.2,132.98
899,1,1092.0,390.55,589.11,1123.23,534.12,90.66558028212049,1092.0,390.55
900,11,273.0,502.37,862.61,1288.0,425.39,49.314290351375476,24.818181818181817,45.67
901,4,6.0,458.7,459.21,844.29,385.08,83.85705886195858,1.5,114.675
902,1,620.0,490.45,678.74,982.56,303.81999999999994,44.762353773167916,620.0,490.45
903,5,659.0,2083.15,1645.06,1296.43,348.6299999999999,21.192540089723163,131.8,416.63
904,12,353.0,2150.17,1765.67,1588.41,177.26,10.039248557204914,29.416666666666668,179.18083333333334
905,13,618.0,1982.27,2000.39,1723.94,276.45000000000005,13.819805137998092,47.53846153846154,152.4823076923077
906,2,1158.0,2355.92,1528.91,1366.63,162.27999999999997,10.614097625105465,579.0,1177.96
907,3,512.0,1251.6,1360.76,1042.48,318.28,23.38987036655986,170.66666666666666,417.2
908,5,840.0,941.55,1676.48,1401.48,275.0,16.40341668257301,168.0,188.31
909,7,1086.0,2319.81,1858.36,1562.62,295.74,15.914031726898989,155.14285714285714,331.40142857142854
910,13,1152.0,864.45,1797.14,1835.98,38.83999999999992,2.161211703039269,88.61538461538461,66.49615384615385
911,4,840.0,1375.42,1580.95,1221.38,359.56999999999994,22.743919795059927,210.0,343.855
912,4,724.0,89.99,667.98,854.22,186.24,27.88107428366119,181.0,22.4975
913,3,327.0,2141.92,1438.41,1007.77,430.6400000000001,29.938612773826662,109.0,713.9733333333334
914,13,1055.0,2005.84,1997.52,1896.5,101.01999999999998,5.0572710160599135,81.15384615384616,154.29538461538462
915,1,931.0,327.97,609.73,1042.02,432.28999999999996,70.89859445984288,931.0,327.97
916,10,108.0,2181.67,1632.42,1225.25,407.1700000000001,24.942723073718774,10.8,218.167
917,13,1204.0,24.47,1344.17,1382.5,38.32999999999993,2.8515738336668672,92.61538461538461,1.8823076923076922
918,5,517.0,919.25,1288.31,1266.56,21.75,1.6882582608223178,103.4,183.85
919,8,897.0,1536.36,1944.62,1544.59,400.03,20.571114150836667,112.125,192.045
920,12,988.0,2492.79,1753.84,1666.4,87.43999999999983,4.985631528531669,82.33333333333333,207.7325
921,1,1041.0,1630.25,1466.95,777.33,689.62,47.01046388765807,1041.0,1630.25
922,10,454.0,2359.42,1619.0,1382.52,236.48000000000002,14.606547251389749,45.4,235.942
923,5,406.0,1084.16,1399.39,1145.46,253.93000000000006,18.14576351124419,81.2,216.83200000000002
924,4,103.0,1790.07,1394.55,991.5,403.04999999999995,28.901796278369364,25.75,447.5175
925,11,198.0,269.95,695.66,1158.3,462.64,66.50375183279188,18.0,24.54090909090909
926,4,477.0,18.97,631.5,713.22,81.72000000000003,12.940617577197152,119.25,4.7425
927,11,67.0,2455.53,1572.91,1278.04,294.8700000000001,18.746781443312084,6.090909090909091,223.23000000000002
928,7,789.0,185.73,966.26,1205.05,238.78999999999996,24.712810216711855,112.71428571428571,26.532857142857143
929,13,70.0,993.7,1492.02,1428.6,63.42000000000007,4.250613262556807,5.384615384615385,76.43846153846154
930,12,59.0,858.62,1377.35,1343.33,34.01999999999998,2.469960431262931,4.916666666666667,71.55166666666666
931,3,1027.0,180.0,804.96,1196.7,391.74,48.665772212283834,342.3333333333333,60.0
932,3,275.0,543.74,572.73,958.25,385.52,67.3126953363714,91.66666666666667,181.24666666666667
933,12,180.0,384.42,873.97,1246.37,372.39999999999986,42.61015824341795,15.0,32.035000000000004
934,3,334.0,2449.89,1472.53,1044.15,428.3799999999999,29.091427678892785,111.33333333333333,816.63
935,7,759.0,1694.02,1960.92,1489.71,471.21000000000004,24.030047120739244,108.42857142857143,242.00285714285715
936,10,174.0,1991.96,1542.4,1396.38,146.01999999999998,9.467064315352696,17.4,199.196
937,1,780.0,366.37,516.69,998.47,481.78,93.24353093731249,780.0,366.37
938,9,934.0,415.5,1208.82,1441.4,232.58000000000015,19.24025082311677,103.77777777777777,46.166666666666664
939,8,936.0,556.28,1277.26,1448.14,170.8800000000001,13.378638648356647,117.0,69.535
940,1,1002.0,2320.13,1475.4,827.83,647.57,43.89114816320998,1002.0,2320.13
941,7,83.0,137.84,482.65,869.67,387.02,80.18647052729722,11.857142857142858,19.69142857142857
942,9,191.0,789.52,1058.5,1250.88,192.3800000000001,18.174775625885697,21.22222222222222,87.72444444444444
943,3,280.0,1090.37,1256.92,919.94,336.98,26.809979950991313,93.33333333333333,363.45666666666665
944,5,644.0,2383.17,1785.53,1326.96,458.56999999999994,25.682570441269537,128.8,476.634
945,10,498.0,992.86,1395.03,1487.49,92.46000000000004,6.627814455603108,49.8,99.286
946,4,317.0,1793.28,1518.93,1080.52,438.4100000000001,28.86308124798378,79.25,448.32
947,4,1100.0,370.61,860.32,1266.67,406.35,47.23242514413242,275.0,92.6525
948,4,263.0,2469.06,1503.98,1054.72,449.26,29.87140786446628,65.75,617.265
949,4,932.0,1287.34,1513.28,1241.42,271.8599999999999,17.96495030661873,233.0,321.835
950,14,343.0,2013.4,1839.05,1655.39,183.65999999999985,9.986677904352783,24.5,143.81428571428572
951,2,274.0,888.24,917.79,929.18,11.389999999999986,1.2410246352651464,137.0,444.12
952,1,759.0,330.29,500.92,974.69,473.77000000000004,94.57997284995608,759.0,330.29
953,8,204.0,2178.45,1506.38,1183.7,322.68000000000006,21.420889815318848,25.5,272.30625
954,10,396.0,2068.65,1556.68,1325.98,230.70000000000005,14.820001541742686,39.6,206.865
955,6,840.0,870.82,1496.46,1431.08,65.38000000000011,4.368977453456832,140.0,145.13666666666668
956,7,756.0,1473.59,1961.96,1454.15,507.80999999999995,25.882790678709043,108.0,210.51285714285714
957,4,1048.0,279.75,780.15,1210.39,430.2400000000001,55.14836890341602,262.0,69.9375
958,9,800.0,39.96,1158.68,1072.3,86.38000000000011,7.455035039872968,88.88888888888889,4.44
959,3,240.0,1895.67,1386.33,945.69,440.6399999999999,31.78464002077427,80.0,631.89
960,13,997.0,920.48,2124.16,1803.88,320.27999999999975,15.077960228984624,76.6923076923077,70.80615384615385
961,2,826.0,2163.39,1523.26,1236.28,286.98,18.839856623294775,413.0,1081.695
962,6,194.0,914.25,1168.72,1168.77,0.049999999999954525,0.004278184680672404,32.333333333333336,152.375
963,4,333.0,1934.76,1467.52,1105.8,361.72,24.648386393371133,83.25,483.69
964,8,1053.0,1864.01,1794.57,1452.85,341.72,19.041887471650593,131.625,233.00125
965,12,466.0,1291.33,1770.37,1509.96,260.40999999999985,14.709354541705963,38.833333333333336,107.61083333333333
966,8,916.0,2417.62,1755.05,1356.47,398.5799999999999,22.71046408934218,114.5,302.2025
967,11,322.0,1251.3,1732.46,1393.17,339.28999999999996,19.58429054639068,29.272727272727273,113.75454545454545
968,13,11.0,1114.96,1555.48,1314.06,241.42000000000007,15.520611001105772,0.8461538461538461,85.76615384615386
969,7,250.0,364.79,718.71,1065.74,347.03,48.28512195461312,35.714285714285715,52.112857142857145
970,5,247.0,296.51,594.93,938.12,343.19000000000005,57.685778158774994,49.4,59.302
971,14,1158.0,2104.61,1899.69,1985.86,86.16999999999985,4.536003242634316,82.71428571428571,150.32928571428573
972,11,1095.0,1071.83,2159.33,1668.92,490.40999999999985,22.711211347964408,99.54545454545455,97.43909090909091
973,11,1149.0,270.81,1284.51,1539.32,254.80999999999995,19.837136339927284,104.45454545454545,24.61909090909091
974,9,14.0,1057.38,1372.31,1124.65,247.65999999999985,18.046942746172505,1.5555555555555556,117.48666666666668
975,4,184.0,983.77,1202.69,1085.93,116.75999999999999,9.70823736790029,46.0,245.9425
976,6,135.0,2488.22,1561.2,1179.09,382.1100000000001,24.475403535741744,22.5,414.7033333333333
977,5,717.0,1508.97,1722.49,1240.37,482.1200000000001,27.98971256727181,143.4,301.794
978,1,389.0,1964.96,1228.94,1000.05,228.8900000000001,18.62499389717969,389.0,1964.96
979,3,1136.0,1296.54,1536.6,1368.15,168.44999999999982,10.962514642717677,378.6666666666667,432.18
980,13,145.0,2202.42,1716.13,1546.72,169.41000000000008,9.871629771637352,11.153846153846153,169.41692307692307
981,1,1122.0,861.5,1081.05,1185.32,104.26999999999998,9.645252301003653,1122.0,861.5
982,14,383.0,97.95,1203.93,1153.25,50.680000000000064,4.209547066689929,27.357142857142858,6.996428571428572
983,1,309.0,1211.37,1110.55,858.55,252.0,22.69145918688938,309.0,1211.37
984,14,1090.0,2248.68,1905.5,1984.52,79.01999999999998,4.1469430595644186,77.85714285714286,160.61999999999998
985,3,278.0,994.9,1167.78,1001.88,165.89999999999998,14.206442994399628,92.66666666666667,331.6333333333333
986,7,1109.0,2397.29,1917.57,1578.01,339.55999999999995,17.707828136652115,158.42857142857142,342.46999999999997
987,12,643.0,2194.16,1758.03,1717.58,40.450000000000045,2.3008708611343405,53.583333333333336,182.84666666666666
988,11,176.0,1050.67,1444.13,1290.56,153.57000000000016,10.63408418909656,16.0,95.51545454545455
989,7,309.0,1021.75,1309.85,1185.8,124.04999999999995,9.470550062984309,44.142857142857146,145.96428571428572
990,3,992.0,1897.41,1539.0,1309.65,229.3499999999999,14.902534113060423,330.6666666666667,632.47
991,3,175.0,440.19,431.17,876.08,444.91,103.18667810840272,58.333333333333336,146.73
992,5,895.0,2329.69,1791.96,1413.08,378.8800000000001,21.143329092167242,179.0,465.938
993,8,372.0,348.37,950.24,1137.66,187.42000000000007,19.723438289274295,46.5,43.54625
994,5,567.0,193.11,718.3,1024.66,306.3600000000001,42.650703048865395,113.4,38.622
995,8,978.0,710.43,1624.58,1513.41,111.16999999999985,6.842999421388904,122.25,88.80375
996,1,1082.0,1809.49,446.94,800.65,353.71,79.14037678435584,1082.0,1809.49
997,11,636.0,2238.97,1699.94,1474.58,225.36000000000013,13.25693848018166,57.81818181818182,203.54272727272726
998,6,370.0,315.09,946.39,1050.05,103.65999999999997,10.95320111159247,61.666666666666664,52.51499999999999
999,8,413.0,222.83,802.95,1095.6,292.64999999999986,36.44685223239303,51.625,27.85375
1000,3,399.0,141.39,546.04,829.22,283.18000000000006,51.86066954801848,133.0,47.129999999999995
