days,miles,receipts,reimbursement,miles_per_day,receipts_per_day,efficiency_ratio
3,93.0,1.42,364.51,31.0,0.47333333333333333,0.31
1,55.0,3.6,126.06,55.0,3.6,0.55
1,47.0,17.97,128.91,47.0,17.97,0.47
2,13.0,4.67,203.52,6.5,2.335,0.065
3,88.0,5.78,380.37,29.333333333333332,1.9266666666666667,0.29333333333333333
1,76.0,13.74,158.35,76.0,13.74,0.76
3,41.0,4.52,320.12,13.666666666666666,1.5066666666666666,0.13666666666666666
1,140.0,22.71,199.68,140.0,22.71,1.4
3,121.0,21.17,464.07,40.333333333333336,7.0566666666666675,0.4033333333333334
3,117.0,21.99,359.1,39.0,7.329999999999999,0.39
2,202.0,21.24,356.17,101.0,10.62,1.01
3,80.0,21.05,366.87,26.666666666666668,7.016666666666667,0.26666666666666666
2,21.0,20.04,204.58,10.5,10.02,0.105
3,177.0,18.73,430.86,59.0,6.243333333333333,0.59
1,141.0,10.15,195.14,141.0,10.15,1.41
1,58.0,5.86,117.24,58.0,5.86,0.58
1,133.0,8.34,179.06,133.0,8.34,1.33
1,59.0,8.31,120.65,59.0,8.31,0.59
2,89.0,13.85,234.2,44.5,6.925,0.445
2,147.0,17.43,325.56,73.5,8.715,0.735
5,130.0,306.9,574.1,26.0,61.379999999999995,0.26
5,173.0,1337.9,1443.96,34.6,267.58000000000004,0.34600000000000003
5,592.0,433.75,869.0,118.4,86.75,1.1840000000000002
5,679.0,476.08,1030.41,135.8,95.216,1.358
5,708.0,1129.52,1654.62,141.6,225.904,1.416
5,261.0,464.94,621.12,52.2,92.988,0.522
5,794.0,511.0,1139.94,158.8,102.2,1.588
5,521.0,1448.55,1624.01,104.2,289.71,1.042
5,595.0,863.93,1231.67,119.0,172.786,1.19
5,811.0,952.39,1608.6,162.2,190.478,1.6219999999999999
5,477.0,704.42,1045.96,95.4,140.884,0.9540000000000001
5,730.0,485.73,991.49,146.0,97.146,1.46
5,262.0,1173.79,1485.59,52.4,234.75799999999998,0.524
5,446.0,219.98,788.62,89.2,43.995999999999995,0.892
5,751.0,407.43,1063.46,150.2,81.486,1.5019999999999998
5,324.0,128.94,686.54,64.8,25.788,0.648
5,414.0,967.0,1368.94,82.8,193.4,0.828
5,367.0,290.78,742.25,73.4,58.15599999999999,0.7340000000000001
5,764.0,848.75,1468.46,152.8,169.75,1.528
5,249.0,873.75,1185.24,49.8,174.75,0.498
8,862.0,1817.85,1719.37,107.75,227.23125,1.0775
11,927.0,1994.33,1779.12,84.27272727272727,181.30272727272725,0.8427272727272727
9,602.0,186.69,1085.4,66.88888888888889,20.743333333333332,0.6688888888888889
8,610.0,208.29,841.27,76.25,26.03625,0.7625
12,333.0,1103.21,1618.13,27.75,91.93416666666667,0.2775
8,435.0,1129.65,1525.26,54.375,141.20625,0.54375
9,218.0,1203.45,1561.63,24.22222222222222,133.71666666666667,0.24222222222222223
12,781.0,1159.18,1752.72,65.08333333333333,96.59833333333334,0.6508333333333333
11,916.0,1036.91,2098.07,83.27272727272727,94.26454545454546,0.8327272727272726
10,358.0,2066.62,1624.11,35.8,206.66199999999998,0.358
12,566.0,2013.7,1752.03,47.166666666666664,167.80833333333334,0.4716666666666666
9,954.0,1483.39,2024.2,106.0,164.82111111111112,1.06
9,534.0,1929.94,1624.87,59.333333333333336,214.4377777777778,0.5933333333333334
12,765.0,1343.97,1953.03,63.75,111.9975,0.6375
8,630.0,967.69,1388.05,78.75,120.96125,0.7875
10,909.0,696.0,1505.19,90.9,69.6,0.909
10,223.0,745.89,1037.45,22.3,74.589,0.223
8,467.0,1178.71,1483.33,58.375,147.33875,0.58375
9,708.0,461.07,1110.6,78.66666666666667,51.23,0.7866666666666667
9,885.0,1764.97,1694.37,98.33333333333333,196.10777777777778,0.9833333333333333
6,855.0,591.35,1339.72,142.5,98.55833333333334,1.425
2,993.0,54.24,715.19,496.5,27.12,4.965
5,685.0,747.14,1216.36,137.0,149.428,1.37
3,981.0,341.45,813.95,327.0,113.81666666666666,3.27
5,770.0,873.33,1502.49,154.0,174.666,1.54
6,697.0,651.64,1237.71,116.16666666666667,108.60666666666667,1.1616666666666666
3,795.0,450.85,743.94,265.0,150.28333333333333,2.65
3,606.0,1184.23,1364.54,202.0,394.74333333333334,2.02
3,842.0,865.37,1251.14,280.6666666666667,288.45666666666665,2.8066666666666666
7,748.0,241.73,971.31,106.85714285714286,34.53285714285714,1.0685714285714285
7,624.0,148.16,905.79,89.14285714285714,21.165714285714284,0.8914285714285713
2,713.0,740.33,1048.28,356.5,370.165,3.565
3,874.0,1191.4,1515.99,291.3333333333333,397.1333333333334,2.913333333333333
6,761.0,530.19,1120.1,126.83333333333333,88.36500000000001,1.2683333333333333
1,815.0,97.89,539.36,815.0,97.89,8.15
1,601.0,497.7,644.12,601.0,497.7,6.01
7,817.0,1127.87,1809.91,116.71428571428571,161.1242857142857,1.167142857142857
1,606.0,923.0,1050.05,606.0,923.0,6.06
1,909.0,741.82,866.07,909.0,741.82,9.09
3,624.0,1160.92,1459.34,208.0,386.97333333333336,2.08
4,650.0,619.49,676.38,162.5,154.8725,1.625
6,204.0,818.99,628.4,34.0,136.49833333333333,0.34
1,263.0,396.49,198.42,263.0,396.49,2.63
1,451.0,555.49,162.18,451.0,555.49,4.51
10,424.0,474.99,831.96,42.4,47.499,0.424
2,565.0,389.49,415.96,282.5,194.745,2.825
9,397.0,348.49,913.29,44.111111111111114,38.721111111111114,0.4411111111111111
1,532.0,413.99,355.57,532.0,413.99,5.32
2,384.0,495.49,290.36,192.0,247.745,1.92
5,754.0,489.99,765.13,150.8,97.998,1.508
1,344.46,813.85,707.88,344.46,813.85,3.4446
3,906.3,540.03,848.42,302.09999999999997,180.01,3.0209999999999995
3,1007.56,187.52,764.64,335.8533333333333,62.50666666666667,3.358533333333333
1,359.62,221.15,255.57,359.62,221.15,3.5962
1,362.79,749.19,636.51,362.79,749.19,3.6279000000000003
1,288.72,159.26,303.94,288.72,159.26,2.8872000000000004
2,782.17,830.72,1165.44,391.085,415.36,3.91085
2,623.18,347.54,625.15,311.59,173.77,3.1159
3,1061.15,388.5,693.36,353.7166666666667,129.5,3.537166666666667
1,252.75,285.5,331.74,252.75,285.5,2.5275
3,1020.39,250.62,779.08,340.13,83.54,3.4013
1,257.97,816.81,738.01,257.97,816.81,2.5797000000000003
3,1025.03,592.55,992.4,341.6766666666667,197.51666666666665,3.4167666666666667
2,794.32,402.31,671.06,397.16,201.155,3.9716000000000005
1,276.85,485.54,361.66,276.85,485.54,2.7685000000000004
2,851.68,473.96,650.68,425.84,236.98,4.2584
3,859.12,611.07,960.47,286.37333333333333,203.69000000000003,2.8637333333333332
3,1317.07,476.87,787.42,439.0233333333333,158.95666666666668,4.390233333333333
1,388.1,827.37,741.46,388.1,827.37,3.8810000000000002
1,264.39,758.27,636.19,264.39,758.27,2.6439
5,198.21,594.83,807.48,39.642,118.96600000000001,0.39642000000000005
6,72.85,457.75,666.59,12.141666666666666,76.29166666666667,0.12141666666666666
8,297.64,481.09,835.08,37.205,60.13625,0.37205
7,237.33,1262.27,1452.17,33.90428571428571,180.3242857142857,0.33904285714285715
5,195.73,1228.49,511.23,39.146,245.698,0.39146000000000003
8,276.28,1179.9,1522.6,34.535,147.4875,0.34535
8,302.24,1046.04,1353.77,37.78,130.755,0.3778
8,266.87,252.08,880.41,33.35875,31.51,0.3335875
9,310.69,239.64,828.16,34.52111111111111,26.626666666666665,0.34521111111111114
6,222.08,709.07,1031.34,37.013333333333335,118.17833333333334,0.37013333333333337
8,264.94,720.67,1019.85,33.1175,90.08375,0.331175
8,161.15,1230.37,1499.24,20.14375,153.79625,0.20143750000000002
9,259.96,554.74,835.54,28.88444444444444,61.63777777777778,0.2888444444444444
9,97.85,518.56,850.57,10.872222222222222,57.617777777777775,0.10872222222222222
9,194.34,1054.93,1374.9,21.593333333333334,117.21444444444445,0.21593333333333334
9,332.35,374.61,830.45,36.92777777777778,41.623333333333335,0.36927777777777776
5,126.44,696.14,845.35,25.288,139.228,0.25288
5,66.13,848.03,1050.25,13.225999999999999,169.606,0.13226
6,135.34,1144.13,1478.11,22.55666666666667,190.68833333333336,0.2255666666666667
6,233.7,346.98,648.57,38.949999999999996,57.830000000000005,0.38949999999999996
9,849.0,1007.41,1785.47,94.33333333333333,111.93444444444444,0.9433333333333332
6,806.0,1760.64,1718.76,134.33333333333334,293.44,1.3433333333333335
8,891.0,1194.36,2016.46,111.375,149.295,1.11375
9,1182.0,1342.24,2164.15,131.33333333333334,149.13777777777779,1.3133333333333335
7,1010.0,1514.03,2063.98,144.28571428571428,216.29,1.4428571428571428
8,892.0,1768.53,1902.37,111.5,221.06625,1.115
6,825.0,1692.73,1817.77,137.5,282.12166666666667,1.375
8,1118.0,1758.52,1852.47,139.75,219.815,1.3975
8,1064.0,1756.52,1857.04,133.0,219.565,1.33
6,811.0,1252.04,1771.8,135.16666666666666,208.67333333333332,1.3516666666666666
7,889.0,1417.96,1826.08,127.0,202.56571428571428,1.27
9,1012.0,1429.04,1880.76,112.44444444444444,158.78222222222223,1.1244444444444444
6,909.0,1332.18,1720.21,151.5,222.03,1.515
9,1096.0,1690.22,1894.85,121.77777777777777,187.8022222222222,1.2177777777777776
9,913.0,1021.29,1964.86,101.44444444444444,113.47666666666666,1.0144444444444445
6,1006.0,1219.71,1803.97,167.66666666666666,203.285,1.6766666666666665
6,907.0,1650.17,1737.86,151.16666666666666,275.02833333333336,1.5116666666666665
9,816.0,1171.81,1780.58,90.66666666666667,130.20111111111112,0.9066666666666667
7,1006.0,1181.33,2279.82,143.71428571428572,168.76142857142855,1.4371428571428573
6,835.0,1404.28,1765.79,139.16666666666666,234.04666666666665,1.3916666666666666
12,528.0,2476.41,1662.88,44.0,206.36749999999998,0.44
4,69.0,2321.49,322.0,17.25,580.3725,0.1725
11,1179.0,31.36,1550.55,107.18181818181819,2.850909090909091,1.0718181818181818
13,756.0,954.4,1793.07,58.15384615384615,73.41538461538461,0.5815384615384616
1,123.0,2076.65,1171.68,123.0,2076.65,1.23
3,1162.0,2152.66,1434.71,387.3333333333333,717.5533333333333,3.873333333333333
1,822.0,2170.53,1374.91,822.0,2170.53,8.22
11,558.0,1549.86,1823.47,50.72727272727273,140.89636363636362,0.5072727272727273
2,753.0,1111.16,1353.87,376.5,555.58,3.765
10,224.0,407.51,794.7,22.4,40.751,0.22399999999999998
6,383.0,462.79,800.3,63.833333333333336,77.13166666666667,0.6383333333333333
8,1005.0,1391.37,1987.39,125.625,173.92125,1.25625
10,1145.0,311.43,1366.61,114.5,31.143,1.145
5,1004.0,2367.63,1743.85,200.8,473.526,2.008
5,873.0,1402.35,1676.79,174.6,280.46999999999997,1.746
2,165.0,1813.32,1273.45,82.5,906.66,0.825
5,1076.0,190.33,879.65,215.2,38.066,2.1519999999999997
12,986.0,2390.92,1760.0,82.16666666666667,199.24333333333334,0.8216666666666668
7,948.0,657.17,1578.97,135.42857142857142,93.88142857142857,1.354285714285714
3,429.0,2400.13,1411.95,143.0,800.0433333333334,1.43
4,362.0,646.43,788.53,90.5,161.6075,0.905
2,622.0,1871.56,1494.23,311.0,935.78,3.11
1,140.0,255.99,150.34,140.0,255.99,1.4
8,123.0,612.55,851.24,15.375,76.56875,0.15375
4,87.0,2463.92,1413.52,21.75,615.98,0.2175
10,164.0,1144.9,1516.43,16.4,114.49000000000001,0.16399999999999998
1,989.0,2196.84,1439.17,989.0,2196.84,9.89
4,470.0,1968.63,1501.1,117.5,492.1575,1.175
1,37.0,1397.17,1092.94,37.0,1397.17,0.37
8,488.0,439.7,1030.13,61.0,54.9625,0.61
12,757.0,897.4,1780.07,63.083333333333336,74.78333333333333,0.6308333333333334
14,958.0,1727.76,2065.16,68.42857142857143,123.41142857142857,0.6842857142857143
2,456.0,2390.7,1342.39,228.0,1195.35,2.28
5,733.0,41.18,771.83,146.6,8.236,1.466
5,291.0,1279.7,1477.12,58.2,255.94,0.5820000000000001
10,478.0,2091.79,1568.41,47.8,209.179,0.478
8,817.0,1455.73,1847.26,102.125,181.96625,1.02125
6,1043.0,1404.35,1807.42,173.83333333333334,234.0583333333333,1.7383333333333335
2,958.0,1855.58,1549.54,479.0,927.79,4.79
9,524.0,474.75,935.4,58.22222222222222,52.75,0.5822222222222222
6,45.0,81.59,522.58,7.5,13.598333333333334,0.075
8,342.0,2259.06,1502.02,42.75,282.3825,0.4275
12,379.0,1897.29,1682.98,31.583333333333332,158.1075,0.3158333333333333
6,333.0,1254.68,1585.02,55.5,209.11333333333334,0.555
2,634.0,1739.81,1490.51,317.0,869.905,3.17
5,285.0,974.73,1282.84,57.0,194.946,0.57
12,33.0,1249.13,1707.38,2.75,104.09416666666668,0.0275
9,118.0,1285.82,1539.77,13.11111111111111,142.86888888888888,0.1311111111111111
1,420.0,2273.6,1220.35,420.0,2273.6,4.2
11,312.0,2072.39,1586.22,28.363636363636363,188.3990909090909,0.28363636363636363
10,753.0,2054.02,1779.08,75.3,205.402,0.753
5,125.0,96.38,570.99,25.0,19.276,0.25
6,597.0,888.84,1395.65,99.5,148.14000000000001,0.995
12,1065.0,203.2,1408.25,88.75,16.933333333333334,0.8875
1,214.0,540.03,402.81,214.0,540.03,2.14
11,886.0,922.66,1852.24,80.54545454545455,83.87818181818182,0.8054545454545454
10,621.0,978.73,1656.28,62.1,97.873,0.621
4,1000.0,2355.34,1699.56,250.0,588.835,2.5
13,534.0,1765.96,1881.36,41.07692307692308,135.84307692307692,0.4107692307692308
6,475.0,1800.71,1671.23,79.16666666666667,300.11833333333334,0.7916666666666667
11,623.0,2265.21,1739.18,56.63636363636363,205.92818181818183,0.5663636363636363
1,620.0,973.91,1112.02,620.0,973.91,6.2
13,1004.0,1757.75,1960.67,77.23076923076923,135.21153846153845,0.7723076923076923
8,962.0,1929.63,1897.19,120.25,241.20375,1.2025
14,516.0,1464.67,1842.1,36.857142857142854,104.61928571428572,0.36857142857142855
11,685.0,2272.75,1873.94,62.27272727272727,206.61363636363637,0.6227272727272727
3,307.0,266.21,540.97,102.33333333333333,88.73666666666666,1.0233333333333332
3,375.0,1346.21,1339.93,125.0,448.7366666666667,1.25
4,1124.0,2177.18,1567.43,281.0,544.295,2.81
3,779.0,2110.9,1520.73,259.6666666666667,703.6333333333333,2.5966666666666667
8,1173.0,671.25,1419.34,146.625,83.90625,1.46625
14,47.0,1667.14,1745.18,3.357142857142857,119.08142857142857,0.03357142857142857
3,981.0,2008.83,1539.47,327.0,669.61,3.27
5,516.0,1450.67,1547.5,103.2,290.134,1.032
6,471.0,332.51,872.19,78.5,55.41833333333333,0.785
2,941.0,1565.77,1432.79,470.5,782.885,4.705
10,377.0,301.96,837.36,37.7,30.195999999999998,0.377
7,273.0,285.83,793.58,39.0,40.832857142857144,0.39
1,458.0,834.7,737.28,458.0,834.7,4.58
11,772.0,932.31,1575.52,70.18181818181819,84.75545454545454,0.7018181818181819
11,36.0,1541.47,1593.24,3.272727272727273,140.13363636363636,0.03272727272727273
12,211.0,1048.29,1579.73,17.583333333333332,87.3575,0.1758333333333333
7,987.0,2164.1,1839.67,141.0,309.15714285714284,1.41
9,662.0,2275.59,1599.27,73.55555555555556,252.84333333333336,0.7355555555555555
12,96.0,1164.37,1553.21,8.0,97.03083333333332,0.08
5,569.0,1856.7,1623.81,113.8,371.34000000000003,1.138
12,128.0,477.17,874.99,10.666666666666666,39.76416666666667,0.10666666666666666
4,886.0,2401.28,1698.0,221.5,600.32,2.215
13,19.0,807.27,1331.53,1.4615384615384615,62.097692307692306,0.014615384615384615
8,275.0,2347.09,1454.47,34.375,293.38625,0.34375
9,963.0,588.5,1434.42,107.0,65.38888888888889,1.07
14,1056.0,2489.69,1894.16,75.42857142857143,177.835,0.7542857142857143
5,728.0,423.16,947.72,145.6,84.632,1.456
4,286.0,1063.49,418.17,71.5,265.8725,0.715
11,332.0,1352.48,1663.39,30.181818181818183,122.95272727272727,0.3018181818181818
12,49.0,1118.38,1494.81,4.083333333333333,93.19833333333334,0.04083333333333333
2,18.0,2503.46,1206.95,9.0,1251.73,0.09
14,592.0,1268.36,1930.24,42.285714285714285,90.59714285714286,0.4228571428571428
3,892.0,171.32,875.39,297.3333333333333,57.10666666666666,2.973333333333333
11,741.0,1872.39,1847.08,67.36363636363636,170.21727272727273,0.6736363636363636
14,807.0,2358.41,1819.41,57.642857142857146,168.45785714285714,0.5764285714285715
5,873.0,1584.53,1796.7,174.6,316.906,1.746
3,1159.0,2209.44,1434.84,386.3333333333333,736.48,3.8633333333333333
11,920.0,1338.65,1871.27,83.63636363636364,121.69545454545455,0.8363636363636364
1,388.0,390.7,332.06,388.0,390.7,3.88
9,576.0,1059.79,1547.5,64.0,117.75444444444445,0.64
9,524.0,2367.12,1640.78,58.22222222222222,263.0133333333333,0.5822222222222222
10,459.0,2183.11,1559.59,45.9,218.311,0.45899999999999996
4,725.0,588.9,1097.95,181.25,147.225,1.8125
1,992.0,958.87,1222.41,992.0,958.87,9.92
10,536.0,2194.42,1615.13,53.6,219.442,0.536
11,1126.0,1593.03,2143.74,102.36363636363636,144.82090909090908,1.0236363636363637
10,314.0,1098.8,1539.1,31.4,109.88,0.314
1,9.0,2246.28,1120.22,9.0,2246.28,0.09
11,706.0,1508.23,2030.59,64.18181818181819,137.1118181818182,0.6418181818181818
10,976.0,2166.02,1775.03,97.6,216.602,0.976
5,1028.0,653.19,1313.95,205.6,130.638,2.056
8,1166.0,99.47,1149.07,145.75,12.43375,1.4575
12,882.0,1958.14,1944.88,73.5,163.17833333333334,0.735
11,448.0,732.79,1090.35,40.72727272727273,66.61727272727272,0.4072727272727273
7,623.0,1691.39,1800.86,89.0,241.62714285714287,0.89
3,127.0,293.49,303.2,42.333333333333336,97.83,0.42333333333333334
12,218.0,486.02,1005.67,18.166666666666668,40.501666666666665,0.18166666666666667
3,1166.0,530.44,785.59,388.6666666666667,176.81333333333336,3.8866666666666667
11,17.0,550.58,830.07,1.5454545454545454,50.052727272727275,0.015454545454545453
9,696.0,1749.97,1649.49,77.33333333333333,194.44111111111113,0.7733333333333333
4,305.0,125.79,664.43,76.25,31.4475,0.7625
12,104.0,1300.05,1779.92,8.666666666666666,108.33749999999999,0.08666666666666666
1,303.0,931.53,857.42,303.0,931.53,3.03
8,1012.0,2390.84,1732.12,126.5,298.855,1.265
9,938.0,2224.29,1913.87,104.22222222222223,247.14333333333332,1.0422222222222224
3,471.0,288.19,535.67,157.0,96.06333333333333,1.57
5,72.0,977.67,1156.55,14.4,195.534,0.14400000000000002
10,160.0,2272.56,1642.15,16.0,227.256,0.16
10,965.0,1851.28,1805.77,96.5,185.128,0.965
3,266.0,2178.16,1447.95,88.66666666666667,726.0533333333333,0.8866666666666667
12,734.0,2491.82,1792.31,61.166666666666664,207.65166666666667,0.6116666666666667
12,64.0,1641.01,1710.72,5.333333333333333,136.75083333333333,0.05333333333333333
9,497.0,1845.08,1674.09,55.22222222222222,205.0088888888889,0.5522222222222222
3,781.0,1801.38,1586.21,260.3333333333333,600.46,2.603333333333333
3,158.0,1070.74,1183.16,52.666666666666664,356.91333333333336,0.5266666666666666
3,1096.0,200.27,802.96,365.3333333333333,66.75666666666667,3.6533333333333333
11,1116.0,2067.8,1987.44,101.45454545454545,187.9818181818182,1.0145454545454546
10,831.0,39.86,982.64,83.1,3.9859999999999998,0.831
14,124.0,1064.64,1761.68,8.857142857142858,76.0457142857143,0.08857142857142858
4,10.0,1262.73,1261.41,2.5,315.6825,0.025
5,955.0,106.86,897.78,191.0,21.372,1.91
7,1176.0,2489.13,1921.16,168.0,355.59000000000003,1.68
6,803.0,465.6,1012.0,133.83333333333334,77.60000000000001,1.3383333333333334
9,868.0,62.12,1022.81,96.44444444444444,6.902222222222222,0.9644444444444444
1,181.0,128.05,225.12,181.0,128.05,1.81
3,70.0,631.88,564.16,23.333333333333332,210.62666666666667,0.2333333333333333
8,1090.0,419.76,1189.47,136.25,52.47,1.3625
14,1184.0,2269.89,1943.24,84.57142857142857,162.135,0.8457142857142856
1,735.0,1676.9,1365.21,735.0,1676.9,7.35
2,547.0,119.09,509.52,273.5,59.545,2.735
11,265.0,218.66,949.34,24.09090909090909,19.87818181818182,0.2409090909090909
10,223.0,886.32,1305.54,22.3,88.632,0.223
12,959.0,1947.82,1833.24,79.91666666666667,162.31833333333333,0.7991666666666667
11,498.0,1578.39,1793.52,45.27272727272727,143.49,0.45272727272727276
14,127.0,988.4,1688.9,9.071428571428571,70.6,0.0907142857142857
3,621.0,214.08,779.66,207.0,71.36,2.07
6,1193.0,2241.5,1839.47,198.83333333333334,373.5833333333333,1.9883333333333335
4,448.0,2055.97,1497.46,112.0,513.9925,1.12
8,466.0,2064.63,1558.12,58.25,258.07875,0.5825
12,229.0,1216.16,1696.65,19.083333333333332,101.34666666666668,0.19083333333333333
13,658.0,559.48,1573.12,50.61538461538461,43.03692307692308,0.5061538461538462
13,1034.0,2477.98,1842.24,79.53846153846153,190.61384615384617,0.7953846153846154
4,842.0,2464.29,1611.66,210.5,616.0725,2.105
13,837.0,1218.93,1921.68,64.38461538461539,93.76384615384616,0.6438461538461538
11,927.0,1306.37,1804.68,84.27272727272727,118.76090909090908,0.8427272727272727
4,1047.0,1657.68,1605.84,261.75,414.42,2.6175
4,262.0,1681.28,1435.34,65.5,420.32,0.655
7,1126.0,1103.75,2014.72,160.85714285714286,157.67857142857142,1.6085714285714285
5,781.0,672.91,1125.36,156.2,134.582,1.5619999999999998
5,831.0,591.65,1090.31,166.2,118.33,1.662
7,1089.0,1026.25,2132.85,155.57142857142858,146.60714285714286,1.5557142857142858
1,793.0,2171.07,1421.36,793.0,2171.07,7.93
9,368.0,495.12,847.33,40.888888888888886,55.013333333333335,0.40888888888888886
6,818.0,1130.38,1704.06,136.33333333333334,188.39666666666668,1.3633333333333335
11,667.0,1915.95,1732.2,60.63636363636363,174.17727272727274,0.6063636363636363
2,267.0,2116.93,1349.04,133.5,1058.465,1.335
10,1083.0,2105.36,1844.58,108.3,210.536,1.083
13,529.0,1767.79,2015.18,40.69230769230769,135.98384615384614,0.40692307692307694
9,1155.0,1346.4,2248.12,128.33333333333334,149.60000000000002,1.2833333333333334
7,1185.0,1768.01,2072.18,169.28571428571428,252.57285714285715,1.6928571428571428
5,763.0,1420.94,1777.14,152.6,284.188,1.526
7,368.0,1231.69,1550.04,52.57142857142857,175.9557142857143,0.5257142857142857
6,659.0,322.1,972.58,109.83333333333333,53.68333333333334,1.0983333333333334
14,1138.0,518.18,1696.86,81.28571428571429,37.012857142857136,0.812857142857143
6,172.0,1977.78,1603.89,28.666666666666668,329.63,0.2866666666666667
6,628.0,311.47,903.3,104.66666666666667,51.91166666666667,1.0466666666666666
2,500.0,1246.48,1264.53,250.0,623.24,2.5
8,7.0,2075.6,1422.12,0.875,259.45,0.00875
5,942.0,2092.87,1696.72,188.4,418.57399999999996,1.8840000000000001
12,81.0,2485.34,1589.65,6.75,207.11166666666668,0.0675
4,166.0,791.52,866.18,41.5,197.88,0.415
3,213.0,1724.85,1344.71,71.0,574.9499999999999,0.71
11,1004.0,167.15,1175.65,91.27272727272727,15.195454545454545,0.9127272727272726
5,116.0,478.1,624.04,23.2,95.62,0.23199999999999998
13,112.0,2299.56,1807.67,8.615384615384615,176.88923076923078,0.08615384615384615
1,43.0,2149.22,1134.47,43.0,2149.22,0.43
2,660.0,1944.4,1531.2,330.0,972.2,3.3
10,888.0,298.68,1171.54,88.8,29.868000000000002,0.888
10,860.0,2380.76,1759.97,86.0,238.07600000000002,0.86
10,1187.0,1981.09,2013.21,118.7,198.10899999999998,1.187
12,1139.0,124.65,1314.3,94.91666666666667,10.387500000000001,0.9491666666666667
5,966.0,359.51,927.98,193.2,71.902,1.932
10,796.0,1352.08,2000.19,79.6,135.208,0.7959999999999999
9,72.0,1281.32,1515.54,8.0,142.36888888888888,0.08
10,215.0,2440.91,1638.66,21.5,244.09099999999998,0.215
7,671.0,1297.02,1703.2,95.85714285714286,185.28857142857143,0.9585714285714286
5,230.0,333.69,538.36,46.0,66.738,0.46
5,467.0,1243.31,1549.82,93.4,248.66199999999998,0.934
13,247.0,2339.61,1705.9,19.0,179.97,0.19
14,777.0,1248.61,1837.25,55.5,89.18642857142856,0.555
11,740.0,1171.99,902.09,67.27272727272727,106.54454545454546,0.6727272727272726
6,884.0,1798.31,1897.87,147.33333333333334,299.7183333333333,1.4733333333333334
5,789.0,1853.31,1792.88,157.8,370.662,1.578
4,825.0,874.99,784.52,206.25,218.7475,2.0625
2,301.0,769.23,731.28,150.5,384.615,1.505
12,1007.0,1353.77,1925.32,83.91666666666667,112.81416666666667,0.8391666666666667
5,865.0,644.79,1202.46,173.0,128.958,1.73
14,81.0,1251.97,1682.62,5.785714285714286,89.42642857142857,0.05785714285714286
8,1159.0,2175.27,1752.18,144.875,271.90875,1.44875
11,496.0,373.98,1152.99,45.09090909090909,33.99818181818182,0.4509090909090909
1,752.0,1632.35,1362.39,752.0,1632.35,7.52
5,1014.0,1853.57,1749.31,202.8,370.714,2.028
9,686.0,145.66,972.95,76.22222222222223,16.184444444444445,0.7622222222222222
5,654.0,1272.89,1724.68,130.8,254.57800000000003,1.308
8,621.0,2391.34,1593.12,77.625,298.9175,0.77625
9,1080.0,539.51,1306.91,120.0,59.94555555555556,1.2
10,714.0,269.06,1067.81,71.4,26.906,0.7140000000000001
10,816.0,1425.64,1872.81,81.6,142.56400000000002,0.816
14,1122.0,1766.25,2239.35,80.14285714285714,126.16071428571429,0.8014285714285714
4,1202.0,1074.87,1501.24,300.5,268.7175,3.005
5,651.0,1573.3,1682.08,130.2,314.65999999999997,1.3019999999999998
14,1100.0,237.69,1265.57,78.57142857142857,16.977857142857143,0.7857142857142857
14,296.0,485.68,924.9,21.142857142857142,34.691428571428574,0.2114285714285714
1,697.0,2148.5,1421.07,697.0,2148.5,6.97
6,1044.0,47.46,1133.45,174.0,7.91,1.74
12,398.0,2481.44,1755.18,33.166666666666664,206.78666666666666,0.33166666666666667
3,139.0,2428.89,1345.66,46.333333333333336,809.63,0.4633333333333334
6,84.0,852.7,1109.32,14.0,142.11666666666667,0.14
2,423.0,1639.17,1367.64,211.5,819.585,2.115
11,815.0,2385.6,1872.44,74.0909090909091,216.87272727272727,0.740909090909091
6,577.0,897.74,1257.31,96.16666666666667,149.62333333333333,0.9616666666666667
8,200.0,1508.89,1461.33,25.0,188.61125,0.25
9,1102.0,540.6,1455.85,122.44444444444444,60.06666666666667,1.2244444444444444
12,508.0,1970.54,1770.91,42.333333333333336,164.21166666666667,0.42333333333333334
13,1024.0,1712.85,2097.69,78.76923076923077,131.7576923076923,0.7876923076923077
7,1161.0,1499.97,1862.45,165.85714285714286,214.28142857142856,1.6585714285714286
2,730.0,285.24,624.78,365.0,142.62,3.65
13,996.0,1809.2,1956.89,76.61538461538461,139.16923076923078,0.7661538461538462
5,1160.0,1901.83,1673.89,232.0,380.366,2.32
2,1139.0,306.43,726.14,569.5,153.215,5.695
14,191.0,2442.76,1798.47,13.642857142857142,174.48285714285717,0.13642857142857143
7,776.0,2447.82,1826.93,110.85714285714286,349.68857142857144,1.1085714285714285
14,414.0,1919.7,1918.89,29.571428571428573,137.12142857142857,0.2957142857142857
7,847.0,1994.62,1851.7,121.0,284.94571428571425,1.21
6,924.0,1227.21,1871.76,154.0,204.535,1.54
2,933.0,1589.58,1489.99,466.5,794.79,4.665
1,211.0,958.08,891.9,211.0,958.08,2.11
10,773.0,865.92,1837.11,77.3,86.592,0.773
3,196.0,1211.68,1229.87,65.33333333333333,403.8933333333334,0.6533333333333333
14,49.0,954.02,1480.87,3.5,68.14428571428572,0.035
5,477.0,655.24,935.38,95.4,131.048,0.9540000000000001
5,828.0,1606.84,1690.82,165.6,321.368,1.656
11,458.0,1364.29,1649.04,41.63636363636363,124.02636363636363,0.4163636363636363
3,289.0,1245.67,1279.31,96.33333333333333,415.22333333333336,0.9633333333333333
1,1060.0,501.67,658.14,1060.0,501.67,10.6
5,1085.0,2486.43,1664.83,217.0,497.28599999999994,2.17
4,675.0,381.48,779.68,168.75,95.37,1.6875
8,415.0,1214.97,1473.75,51.875,151.87125,0.51875
6,425.0,709.75,1114.9,70.83333333333333,118.29166666666667,0.7083333333333333
7,313.0,2408.02,1637.65,44.714285714285715,344.0028571428571,0.4471428571428572
13,235.0,426.07,897.26,18.076923076923077,32.77461538461539,0.18076923076923077
7,635.0,1406.31,1630.66,90.71428571428571,200.90142857142857,0.907142857142857
10,1009.0,2164.22,1889.87,100.9,216.42199999999997,1.0090000000000001
3,692.0,450.7,748.57,230.66666666666666,150.23333333333332,2.3066666666666666
2,91.0,1073.76,1013.78,45.5,536.88,0.455
8,1187.0,1045.91,2047.06,148.375,130.73875,1.48375
14,600.0,1120.05,1847.84,42.857142857142854,80.00357142857142,0.42857142857142855
5,210.0,710.49,483.34,42.0,142.098,0.42
12,10.0,1203.1,1564.9,0.8333333333333334,100.25833333333333,0.008333333333333333
1,452.0,275.05,282.89,452.0,275.05,4.52
4,256.0,2218.74,1476.03,64.0,554.685,0.64
8,312.0,2383.17,1557.27,39.0,297.89625,0.39
2,1175.0,816.2,1237.62,587.5,408.1,5.875
11,960.0,383.64,1248.46,87.27272727272727,34.876363636363635,0.8727272727272727
6,690.0,1009.37,1559.83,115.0,168.22833333333332,1.15
14,487.0,579.29,1516.68,34.785714285714285,41.37785714285714,0.34785714285714286
8,75.0,315.71,593.83,9.375,39.46375,0.09375
13,360.0,271.93,1017.64,27.692307692307693,20.91769230769231,0.27692307692307694
11,708.0,1871.77,1916.37,64.36363636363636,170.1609090909091,0.6436363636363636
3,182.0,347.82,384.77,60.666666666666664,115.94,0.6066666666666667
10,683.0,2442.92,1643.68,68.3,244.292,0.6829999999999999
5,392.0,1264.6,1465.72,78.4,252.92,0.784
10,175.0,1443.25,1635.5,17.5,144.325,0.175
7,577.0,1959.13,1603.6,82.42857142857143,279.8757142857143,0.8242857142857143
13,799.0,951.92,1793.36,61.46153846153846,73.22461538461538,0.6146153846153846
13,608.0,370.89,1170.54,46.76923076923077,28.529999999999998,0.4676923076923077
7,194.0,202.49,686.23,27.714285714285715,28.927142857142858,0.27714285714285714
13,889.0,232.72,1394.38,68.38461538461539,17.90153846153846,0.6838461538461539
7,901.0,136.8,1222.6,128.71428571428572,19.542857142857144,1.2871428571428571
1,698.0,1525.82,1398.75,698.0,1525.82,6.98
9,592.0,793.55,1235.69,65.77777777777777,88.17222222222222,0.6577777777777777
14,1015.0,871.76,1846.41,72.5,62.26857142857143,0.725
9,524.0,136.46,848.89,58.22222222222222,15.162222222222223,0.5822222222222222
5,781.0,2114.27,1789.85,156.2,422.854,1.5619999999999998
3,200.0,58.24,494.63,66.66666666666667,19.413333333333334,0.6666666666666667
5,503.0,2335.55,1649.42,100.6,467.11,1.006
11,667.0,2221.67,1872.89,60.63636363636363,201.97,0.6063636363636363
7,336.0,1843.58,1691.68,48.0,263.36857142857144,0.48
4,217.0,1506.46,1455.37,54.25,376.615,0.5425
8,207.0,1146.93,1479.01,25.875,143.36625,0.25875
7,690.0,1807.71,1710.98,98.57142857142857,258.2442857142857,0.9857142857142857
2,251.0,1916.43,1285.2,125.5,958.215,1.255
4,627.0,956.98,1337.63,156.75,239.245,1.5675
1,432.0,581.71,448.34,432.0,581.71,4.32
4,1194.0,2250.51,1691.15,298.5,562.6275,2.985
10,64.0,455.9,774.64,6.4,45.589999999999996,0.064
8,15.0,377.85,657.8,1.875,47.23125,0.01875
11,741.0,1207.39,1878.06,67.36363636363636,109.76272727272728,0.6736363636363636
8,638.0,1007.48,1483.06,79.75,125.935,0.7975
12,965.0,1700.28,1879.09,80.41666666666667,141.69,0.8041666666666667
8,1182.0,990.07,1840.75,147.75,123.75875,1.4775
13,1062.0,869.28,2090.54,81.6923076923077,66.86769230769231,0.816923076923077
1,754.0,1220.47,1346.14,754.0,1220.47,7.54
14,767.0,186.47,1292.77,54.785714285714285,13.319285714285714,0.5478571428571428
11,775.0,1752.23,1809.29,70.45454545454545,159.29363636363635,0.7045454545454546
8,592.0,1402.98,1561.41,74.0,175.3725,0.74
6,957.0,727.75,1448.72,159.5,121.29166666666667,1.595
9,800.0,2167.72,1726.51,88.88888888888889,240.85777777777776,0.8888888888888888
6,1198.0,222.6,1107.96,199.66666666666666,37.1,1.9966666666666666
3,1092.0,1737.65,1462.01,364.0,579.2166666666667,3.64
12,958.0,2499.84,1791.69,79.83333333333333,208.32000000000002,0.7983333333333333
11,955.0,1282.19,2000.42,86.81818181818181,116.56272727272727,0.8681818181818182
11,605.0,1880.69,1711.55,55.0,170.97181818181818,0.55
7,670.0,1558.02,1702.81,95.71428571428571,222.5742857142857,0.9571428571428571
11,844.0,1962.77,1787.57,76.72727272727273,178.43363636363637,0.7672727272727273
3,718.0,1158.02,1416.98,239.33333333333334,386.00666666666666,2.3933333333333335
6,323.0,1477.23,1608.55,53.833333333333336,246.205,0.5383333333333333
14,616.0,2374.41,1828.37,44.0,169.60071428571428,0.44
8,752.0,1519.78,1662.92,94.0,189.9725,0.94
1,1166.0,1423.69,1412.13,1166.0,1423.69,11.66
3,1187.0,1632.14,1451.85,395.6666666666667,544.0466666666667,3.956666666666667
3,1013.0,166.52,711.07,337.6666666666667,55.50666666666667,3.376666666666667
5,741.0,429.24,951.92,148.2,85.848,1.482
14,467.0,2176.26,1809.83,33.357142857142854,155.44714285714286,0.3335714285714285
3,224.0,358.77,406.36,74.66666666666667,119.58999999999999,0.7466666666666667
3,712.0,512.23,751.16,237.33333333333334,170.74333333333334,2.3733333333333335
12,218.0,901.03,1371.86,18.166666666666668,75.08583333333333,0.18166666666666667
6,373.0,587.38,956.61,62.166666666666664,97.89666666666666,0.6216666666666666
8,562.0,2479.33,1478.31,70.25,309.91625,0.7025
5,132.0,2387.03,1454.05,26.4,477.40600000000006,0.264
3,98.0,871.46,866.05,32.666666666666664,290.4866666666667,0.32666666666666666
14,545.0,1206.76,1977.89,38.92857142857143,86.19714285714285,0.3892857142857143
1,869.0,1498.88,1398.94,869.0,1498.88,8.69
2,875.0,393.25,640.56,437.5,196.625,4.375
8,888.0,2296.07,1718.71,111.0,287.00875,1.11
1,716.0,1396.41,1376.59,716.0,1396.41,7.16
8,1025.0,1031.33,2214.64,128.125,128.91625,1.28125
9,1064.0,2016.76,1810.94,118.22222222222223,224.08444444444444,1.1822222222222223
4,463.0,1963.41,1607.34,115.75,490.8525,1.1575
1,678.0,1478.57,1370.31,678.0,1478.57,6.78
1,436.0,1358.14,1154.03,436.0,1358.14,4.36
5,586.0,2135.36,1661.61,117.2,427.072,1.172
1,797.0,126.8,543.18,797.0,126.8,7.97
14,481.0,939.99,877.17,34.357142857142854,67.14214285714286,0.3435714285714285
7,172.0,1486.86,1557.94,24.571428571428573,212.4085714285714,0.24571428571428572
10,1192.0,23.47,1157.87,119.2,2.347,1.192
7,981.0,658.85,1351.69,140.14285714285714,94.12142857142858,1.4014285714285715
10,692.0,1671.71,1701.23,69.2,167.171,0.6920000000000001
13,710.0,2223.86,1979.83,54.61538461538461,171.06615384615387,0.5461538461538461
12,380.0,1526.79,1787.41,31.666666666666668,127.2325,0.31666666666666665
3,133.0,1728.5,1373.4,44.333333333333336,576.1666666666666,0.44333333333333336
4,730.0,799.25,1250.66,182.5,199.8125,1.825
12,1070.0,1055.51,2030.76,89.16666666666667,87.95916666666666,0.8916666666666667
8,1185.0,554.98,1545.67,148.125,69.3725,1.48125
11,456.0,2223.72,1600.1,41.45454545454545,202.1563636363636,0.41454545454545455
12,85.0,1056.43,1466.31,7.083333333333333,88.03583333333334,0.07083333333333333
2,543.0,103.37,544.12,271.5,51.685,2.715
6,367.0,1947.68,1606.76,61.166666666666664,324.61333333333334,0.6116666666666667
1,481.0,1792.17,1215.84,481.0,1792.17,4.81
5,233.0,1862.04,1562.23,46.6,372.408,0.466
1,45.0,1070.22,922.69,45.0,1070.22,0.45
5,152.0,2444.81,1523.75,30.4,488.962,0.304
7,344.0,1242.05,1514.4,49.142857142857146,177.43571428571428,0.49142857142857144
5,320.0,1584.55,1584.73,64.0,316.90999999999997,0.64
9,989.0,378.12,1193.72,109.88888888888889,42.013333333333335,1.0988888888888888
10,57.0,936.89,1237.07,5.7,93.689,0.057
12,342.0,2253.61,1659.5,28.5,187.80083333333334,0.285
2,983.0,2109.93,1519.98,491.5,1054.965,4.915
10,886.0,1990.03,1749.93,88.6,199.003,0.8859999999999999
10,5.0,836.86,1116.56,0.5,83.686,0.005
3,80.0,517.54,457.49,26.666666666666668,172.51333333333332,0.26666666666666666
8,482.0,1411.49,631.81,60.25,176.43625,0.6025
4,11.0,312.01,426.22,2.75,78.0025,0.0275
12,1075.0,2328.11,1798.38,89.58333333333333,194.0091666666667,0.8958333333333333
13,632.0,268.91,1396.28,48.61538461538461,20.685384615384617,0.48615384615384616
8,323.0,46.48,703.45,40.375,5.81,0.40375
11,527.0,1550.32,1806.06,47.90909090909091,140.93818181818182,0.47909090909090907
5,948.0,898.6,1499.68,189.6,179.72,1.896
5,504.0,1502.63,1628.66,100.8,300.526,1.008
10,793.0,1422.29,2007.62,79.3,142.22899999999998,0.7929999999999999
13,32.0,232.43,805.12,2.4615384615384617,17.87923076923077,0.024615384615384615
9,768.0,1815.6,1666.18,85.33333333333333,201.73333333333332,0.8533333333333333
9,994.0,1742.62,1849.58,110.44444444444444,193.62444444444444,1.1044444444444443
1,1105.0,1432.3,1387.17,1105.0,1432.3,11.05
12,178.0,507.59,907.19,14.833333333333334,42.299166666666665,0.14833333333333334
10,472.0,431.95,924.65,47.2,43.195,0.47200000000000003
5,716.0,1111.23,1492.08,143.2,222.246,1.432
3,771.0,725.67,1166.93,257.0,241.89,2.57
13,1054.0,1131.25,2162.03,81.07692307692308,87.01923076923077,0.8107692307692308
10,872.0,2191.27,1776.62,87.2,219.127,0.872
12,1077.0,32.55,1387.43,89.75,2.7125,0.8975
12,211.0,749.56,1285.23,17.583333333333332,62.46333333333333,0.1758333333333333
4,199.0,1310.01,1400.57,49.75,327.5025,0.4975
2,1029.0,1702.6,1577.55,514.5,851.3,5.145
10,643.0,2263.77,1685.92,64.3,226.377,0.643
10,797.0,1706.73,1724.42,79.7,170.673,0.797
12,657.0,322.5,1113.16,54.75,26.875,0.5475
8,177.0,486.06,751.58,22.125,60.7575,0.22125
2,222.0,456.24,437.4,111.0,228.12,1.11
3,555.0,2342.76,1458.63,185.0,780.9200000000001,1.85
2,785.0,1964.63,1522.76,392.5,982.315,3.925
5,104.0,281.67,464.68,20.8,56.334,0.20800000000000002
1,673.0,2026.16,1372.83,673.0,2026.16,6.73
10,877.0,1711.12,1897.37,87.7,171.112,0.877
1,250.0,1300.17,1145.33,250.0,1300.17,2.5
1,467.0,296.49,221.23,467.0,296.49,4.67
10,1026.0,828.82,1865.67,102.6,82.882,1.026
11,1106.0,2250.54,2050.62,100.54545454545455,204.59454545454545,1.0054545454545454
12,452.0,816.56,1243.1,37.666666666666664,68.04666666666667,0.37666666666666665
14,865.0,2497.16,1885.87,61.785714285714285,178.3685714285714,0.6178571428571429
8,107.0,2450.89,1468.19,13.375,306.36125,0.13375
8,80.0,1092.18,1365.73,10.0,136.5225,0.1
8,945.0,766.98,1625.53,118.125,95.8725,1.18125
13,1140.0,1607.8,2214.64,87.6923076923077,123.67692307692307,0.8769230769230769
2,636.0,1438.19,1435.96,318.0,719.095,3.18
14,865.0,1422.11,1921.18,61.785714285714285,101.5792857142857,0.6178571428571429
12,482.0,1710.47,1746.74,40.166666666666664,142.53916666666666,0.4016666666666666
2,68.0,756.61,648.53,34.0,378.305,0.34
14,512.0,526.84,1306.64,36.57142857142857,37.63142857142857,0.3657142857142857
14,1001.0,1647.24,2080.0,71.5,117.66,0.715
1,547.0,573.6,616.27,547.0,573.6,5.47
10,5.0,1338.9,1610.25,0.5,133.89000000000001,0.005
3,1158.0,1107.4,1361.3,386.0,369.1333333333334,3.86
1,993.0,1143.58,1328.85,993.0,1143.58,9.93
6,378.0,837.63,1215.96,63.0,139.605,0.63
11,1156.0,2231.86,1988.56,105.0909090909091,202.89636363636365,1.050909090909091
5,1050.0,882.86,1430.04,210.0,176.572,2.1
8,836.0,735.52,1606.63,104.5,91.94,1.045
11,654.0,1516.42,1870.43,59.45454545454545,137.85636363636365,0.5945454545454545
8,633.0,1308.36,1639.12,79.125,163.545,0.79125
12,713.0,1642.01,1873.19,59.416666666666664,136.83416666666668,0.5941666666666666
5,96.0,1105.47,1312.16,19.2,221.094,0.192
7,1054.0,576.47,1344.18,150.57142857142858,82.35285714285715,1.5057142857142858
12,495.0,1948.13,1831.92,41.25,162.34416666666667,0.4125
1,1068.0,2011.28,1421.45,1068.0,2011.28,10.68
7,1000.0,1620.46,1971.23,142.85714285714286,231.49428571428572,1.4285714285714286
13,855.0,1798.75,1951.77,65.76923076923077,138.3653846153846,0.6576923076923077
8,544.0,1279.51,1483.77,68.0,159.93875,0.68
11,816.0,544.99,1077.12,74.18181818181819,49.54454545454546,0.7418181818181818
5,1080.0,2383.82,1664.76,216.0,476.764,2.16
8,1124.0,1908.69,1833.27,140.5,238.58625,1.405
3,29.0,1632.85,1269.1,9.666666666666666,544.2833333333333,0.09666666666666666
6,470.0,2235.72,1628.6,78.33333333333333,372.61999999999995,0.7833333333333333
7,287.0,2293.5,1558.09,41.0,327.64285714285717,0.41
4,72.0,1367.29,1302.97,18.0,341.8225,0.18
6,344.0,233.31,800.18,57.333333333333336,38.885,0.5733333333333334
8,801.0,1241.21,1780.65,100.125,155.15125,1.00125
5,629.0,484.34,1029.87,125.8,96.868,1.258
11,327.0,961.08,1356.46,29.727272727272727,87.3709090909091,0.29727272727272724
14,94.0,105.94,1180.63,6.714285714285714,7.567142857142857,0.06714285714285714
4,1113.0,2103.82,1695.08,278.25,525.955,2.7825
14,267.0,2090.21,1968.4,19.071428571428573,149.3007142857143,0.19071428571428573
1,979.0,1292.54,1313.53,979.0,1292.54,9.79
10,625.0,519.94,1229.41,62.5,51.99400000000001,0.625
14,457.0,848.61,1492.64,32.642857142857146,60.615,0.32642857142857146
11,398.0,723.39,1154.77,36.18181818181818,65.76272727272728,0.3618181818181818
14,68.0,438.96,866.76,4.857142857142857,31.354285714285712,0.04857142857142857
3,769.0,2497.93,1587.8,256.3333333333333,832.6433333333333,2.563333333333333
13,694.0,1054.31,1815.02,53.38461538461539,81.10076923076923,0.5338461538461539
12,1088.0,1977.91,1883.21,90.66666666666667,164.82583333333335,0.9066666666666667
9,101.0,950.23,1281.64,11.222222222222221,105.58111111111111,0.11222222222222221
1,170.0,2452.85,1209.08,170.0,2452.85,1.7
12,1135.0,475.95,1447.39,94.58333333333333,39.6625,0.9458333333333333
3,1109.0,2092.26,1436.66,369.6666666666667,697.4200000000001,3.6966666666666668
7,753.0,358.13,1084.79,107.57142857142857,51.16142857142857,1.0757142857142856
2,521.0,467.19,667.85,260.5,233.595,2.605
12,1003.0,983.23,1996.18,83.58333333333333,81.93583333333333,0.8358333333333333
3,269.0,708.05,799.12,89.66666666666667,236.01666666666665,0.8966666666666667
14,646.0,2418.19,1931.21,46.142857142857146,172.72785714285715,0.46142857142857147
14,1153.0,346.58,1292.93,82.35714285714286,24.755714285714284,0.8235714285714286
4,18.0,289.06,380.88,4.5,72.265,0.045
13,1167.0,1074.36,2197.33,89.76923076923077,82.64307692307692,0.8976923076923078
1,1113.0,1536.0,1403.6,1113.0,1536.0,11.13
6,930.0,1907.95,1788.75,155.0,317.9916666666667,1.55
5,714.0,617.72,1164.2,142.8,123.54400000000001,1.4280000000000002
7,256.0,2180.53,1548.87,36.57142857142857,311.50428571428574,0.3657142857142857
9,1063.0,2497.79,1761.94,118.11111111111111,277.53222222222223,1.1811111111111112
11,512.0,2016.19,1710.53,46.54545454545455,183.29,0.46545454545454545
9,463.0,1024.53,1476.48,51.44444444444444,113.83666666666666,0.5144444444444445
12,714.0,2003.23,1829.06,59.5,166.93583333333333,0.595
9,1165.0,1868.79,1945.95,129.44444444444446,207.64333333333332,1.2944444444444445
1,872.0,2420.07,1456.34,872.0,2420.07,8.72
10,631.0,1220.71,1730.86,63.1,122.071,0.631
9,633.0,888.17,1384.78,70.33333333333333,98.68555555555555,0.7033333333333333
4,1065.0,119.34,781.82,266.25,29.835,2.6625
12,947.0,193.05,1225.63,78.91666666666667,16.087500000000002,0.7891666666666667
4,159.0,568.58,647.0,39.75,142.145,0.3975
1,292.0,449.83,363.02,292.0,449.83,2.92
1,1115.0,926.13,1192.88,1115.0,926.13,11.15
7,1168.0,667.94,1639.55,166.85714285714286,95.42,1.6685714285714286
4,348.0,2047.08,1507.04,87.0,511.77,0.87
8,77.0,1930.98,1485.69,9.625,241.3725,0.09625
7,1033.0,1013.03,2119.83,147.57142857142858,144.71857142857144,1.4757142857142858
4,672.0,1603.52,1612.43,168.0,400.88,1.68
4,1191.0,999.45,1478.93,297.75,249.8625,2.9775
8,392.0,661.27,978.13,49.0,82.65875,0.49
7,951.0,584.4,1253.76,135.85714285714286,83.48571428571428,1.3585714285714285
5,778.0,2423.47,1643.96,155.6,484.69399999999996,1.556
11,958.0,1999.13,1900.18,87.0909090909091,181.73909090909092,0.870909090909091
3,186.0,1068.31,1152.04,62.0,356.1033333333333,0.62
5,1116.0,2460.46,1711.97,223.2,492.092,2.2319999999999998
13,63.0,107.92,710.25,4.846153846153846,8.301538461538462,0.04846153846153846
6,170.0,476.99,600.23,28.333333333333332,79.49833333333333,0.2833333333333333
3,870.0,413.23,795.8,290.0,137.74333333333334,2.9
12,852.0,1957.9,1944.89,71.0,163.15833333333333,0.71
6,420.0,386.77,929.16,70.0,64.46166666666666,0.7
6,668.0,1922.45,1796.98,111.33333333333333,320.40833333333336,1.1133333333333333
8,795.0,1645.99,644.69,99.375,205.74875,0.99375
4,420.0,927.74,1238.04,105.0,231.935,1.05
12,1074.0,2407.71,1843.97,89.5,200.6425,0.895
12,916.0,2394.85,1740.85,76.33333333333333,199.57083333333333,0.7633333333333333
4,1075.0,586.17,1023.65,268.75,146.5425,2.6875
5,1143.0,1217.72,1745.09,228.6,243.544,2.286
2,719.0,591.44,755.3,359.5,295.72,3.595
4,197.0,1858.84,1416.33,49.25,464.71,0.4925
6,248.0,395.4,710.15,41.333333333333336,65.89999999999999,0.41333333333333333
10,834.0,1820.8,1883.49,83.4,182.07999999999998,0.8340000000000001
1,1112.0,2011.44,1423.85,1112.0,2011.44,11.12
12,1189.0,1453.16,2162.13,99.08333333333333,121.09666666666668,0.9908333333333332
14,269.0,1349.61,1832.34,19.214285714285715,96.40071428571427,0.19214285714285714
7,671.0,1262.85,1600.42,95.85714285714286,180.40714285714284,0.9585714285714286
9,52.0,350.58,601.81,5.777777777777778,38.95333333333333,0.057777777777777775
14,976.0,1526.58,1995.87,69.71428571428571,109.04142857142857,0.6971428571428571
2,370.0,1554.5,1311.23,185.0,777.25,1.85
4,1180.0,1948.55,1565.16,295.0,487.1375,2.95
5,36.0,2022.94,1410.58,7.2,404.588,0.07200000000000001
5,691.0,1030.64,1465.26,138.2,206.12800000000001,1.382
8,52.0,2353.5,1485.05,6.5,294.1875,0.065
11,24.0,2029.04,1569.37,2.1818181818181817,184.45818181818183,0.021818181818181816
8,221.0,936.98,1287.0,27.625,117.1225,0.27625
1,85.0,89.83,175.53,85.0,89.83,0.85
7,803.0,12.75,1146.78,114.71428571428571,1.8214285714285714,1.147142857142857
12,893.0,910.41,1862.13,74.41666666666667,75.86749999999999,0.7441666666666668
14,113.0,1091.13,1703.02,8.071428571428571,77.93785714285715,0.08071428571428571
5,516.0,1878.49,669.85,103.2,375.698,1.032
14,904.0,2005.96,1970.01,64.57142857142857,143.28285714285715,0.6457142857142857
1,1058.0,1601.04,1465.9,1058.0,1601.04,10.58
14,555.0,313.73,1201.26,39.642857142857146,22.409285714285716,0.39642857142857146
7,738.0,730.28,1429.72,105.42857142857143,104.32571428571428,1.0542857142857143
8,792.0,2437.24,1556.7,99.0,304.655,0.99
5,831.0,432.8,901.36,166.2,86.56,1.662
7,709.0,320.8,1116.62,101.28571428571429,45.82857142857143,1.012857142857143
9,1078.0,161.85,1260.96,119.77777777777777,17.983333333333334,1.1977777777777776
2,616.0,968.93,1163.1,308.0,484.465,3.08
2,570.0,2297.12,1423.86,285.0,1148.56,2.85
9,13.0,986.41,1271.52,1.4444444444444444,109.60111111111111,0.014444444444444444
7,381.0,2106.96,1705.27,54.42857142857143,300.9942857142857,0.5442857142857143
9,460.0,2424.47,1624.68,51.111111111111114,269.3855555555555,0.5111111111111112
4,425.0,1286.54,1449.26,106.25,321.635,1.0625
11,437.0,1053.24,1630.47,39.72727272727273,95.74909090909091,0.3972727272727273
9,1000.0,1901.79,1778.65,111.11111111111111,211.31,1.1111111111111112
1,553.0,1687.11,1295.34,553.0,1687.11,5.53
10,5.0,1094.06,1361.08,0.5,109.40599999999999,0.005
12,931.0,864.21,1663.58,77.58333333333333,72.0175,0.7758333333333333
6,436.0,914.53,1389.11,72.66666666666667,152.42166666666665,0.7266666666666667
3,1074.0,247.32,636.02,358.0,82.44,3.58
9,896.0,1398.54,1727.1,99.55555555555556,155.39333333333332,0.9955555555555555
1,462.0,2047.57,1202.9,462.0,2047.57,4.62
3,665.0,2418.16,1490.96,221.66666666666666,806.0533333333333,2.216666666666667
11,532.0,2419.86,1653.69,48.36363636363637,219.98727272727274,0.48363636363636364
9,483.0,52.64,949.04,53.666666666666664,5.848888888888889,0.5366666666666666
12,296.0,326.83,981.72,24.666666666666668,27.235833333333332,0.24666666666666667
9,131.0,1990.0,1557.2,14.555555555555555,221.11111111111111,0.14555555555555555
6,836.0,2035.17,1718.79,139.33333333333334,339.195,1.3933333333333335
10,532.0,1223.36,1631.49,53.2,122.33599999999998,0.532
14,595.0,2140.61,1989.13,42.5,152.9007142857143,0.425
7,623.0,1894.02,1739.49,89.0,270.57428571428574,0.89
5,1077.0,2234.35,1665.23,215.4,446.87,2.154
5,579.0,1018.52,1468.01,115.8,203.704,1.158
8,255.0,1817.19,1510.91,31.875,227.14875,0.31875
8,1009.0,1378.07,1903.76,126.125,172.25875,1.26125
10,87.0,498.96,781.97,8.7,49.896,0.087
1,809.0,1734.56,1447.25,809.0,1734.56,8.09
9,1079.0,1981.94,1763.16,119.88888888888889,220.21555555555557,1.198888888888889
8,1134.0,1049.84,2073.13,141.75,131.23,1.4175
8,403.0,654.97,895.14,50.375,81.87125,0.50375
8,534.0,429.88,916.02,66.75,53.735,0.6675
13,564.0,2245.56,1745.09,43.38461538461539,172.73538461538462,0.4338461538461539
2,752.0,958.29,1144.41,376.0,479.145,3.76
11,293.0,1410.0,1673.7,26.636363636363637,128.1818181818182,0.26636363636363636
5,919.0,470.23,1119.17,183.8,94.046,1.838
5,103.0,333.22,573.58,20.6,66.644,0.20600000000000002
1,893.0,19.76,570.71,893.0,19.76,8.93
12,37.0,52.65,789.01,3.0833333333333335,4.3875,0.030833333333333334
8,1142.0,776.74,1827.44,142.75,97.0925,1.4275
5,332.0,218.03,801.73,66.4,43.606,0.664
7,950.0,1739.62,2032.23,135.71428571428572,248.51714285714283,1.3571428571428572
9,223.0,1916.03,1623.73,24.77777777777778,212.89222222222222,0.2477777777777778
6,522.0,1210.87,1577.01,87.0,201.81166666666664,0.87
12,46.0,2077.07,1666.29,3.8333333333333335,173.08916666666667,0.03833333333333334
2,252.0,1545.94,1300.19,126.0,772.97,1.26
14,999.0,619.42,1510.57,71.35714285714286,44.24428571428571,0.7135714285714286
13,125.0,2004.61,1721.56,9.615384615384615,154.20076923076923,0.09615384615384615
9,597.0,625.99,990.84,66.33333333333333,69.55444444444444,0.6633333333333333
3,289.0,853.79,969.85,96.33333333333333,284.59666666666664,0.9633333333333333
7,953.0,1918.24,1833.56,136.14285714285714,274.0342857142857,1.3614285714285714
4,275.0,2359.64,1483.58,68.75,589.91,0.6875
5,755.0,1584.41,1729.08,151.0,316.882,1.51
9,803.0,880.17,1589.75,89.22222222222223,97.79666666666667,0.8922222222222222
11,293.0,285.14,966.87,26.636363636363637,25.921818181818182,0.26636363636363636
6,164.0,1460.21,1535.3,27.333333333333332,243.36833333333334,0.2733333333333333
12,675.0,2277.93,1807.33,56.25,189.8275,0.5625
11,859.0,146.71,1267.98,78.0909090909091,13.337272727272728,0.7809090909090909
2,296.0,1878.7,1354.0,148.0,939.35,1.48
7,300.0,2417.85,1634.04,42.857142857142854,345.40714285714284,0.42857142857142855
2,1155.0,1517.18,1543.17,577.5,758.59,5.775
5,765.0,480.48,1038.42,153.0,96.096,1.53
9,1097.0,2330.2,1728.07,121.88888888888889,258.9111111111111,1.218888888888889
4,422.0,2049.71,1491.9,105.5,512.4275,1.055
14,1020.0,510.33,1406.95,72.85714285714286,36.45214285714285,0.7285714285714286
4,205.0,545.57,682.22,51.25,136.3925,0.5125
12,1046.0,1850.85,1875.72,87.16666666666667,154.23749999999998,0.8716666666666667
4,1001.0,739.08,1116.31,250.25,184.77,2.5025
9,938.0,742.17,1632.1,104.22222222222223,82.46333333333332,1.0422222222222224
5,351.0,407.74,883.11,70.2,81.548,0.7020000000000001
9,748.0,653.42,1249.66,83.11111111111111,72.60222222222222,0.8311111111111111
13,1186.0,2462.26,1906.35,91.23076923076923,189.4046153846154,0.9123076923076923
6,384.0,1656.04,1682.33,64.0,276.00666666666666,0.64
10,150.0,418.41,844.9,15.0,41.841,0.15
10,783.0,158.93,993.55,78.3,15.893,0.7829999999999999
6,372.0,2494.69,1742.34,62.0,415.7816666666667,0.62
10,958.0,1643.76,1827.18,95.8,164.376,0.958
8,34.0,1225.2,1438.52,4.25,153.15,0.0425
7,151.0,2461.93,1516.58,21.571428571428573,351.7042857142857,0.21571428571428572
7,150.0,1379.35,1500.09,21.428571428571427,197.04999999999998,0.21428571428571427
6,751.0,2085.98,1757.81,125.16666666666667,347.66333333333336,1.2516666666666667
7,568.0,159.12,738.92,81.14285714285714,22.731428571428573,0.8114285714285714
12,574.0,2240.9,1785.72,47.833333333333336,186.74166666666667,0.47833333333333333
13,36.0,808.38,1190.16,2.769230769230769,62.183076923076925,0.027692307692307693
14,595.0,1818.77,1889.9,42.5,129.91214285714287,0.425
7,381.0,2342.27,1705.24,54.42857142857143,334.61,0.5442857142857143
14,174.0,815.3,1295.14,12.428571428571429,58.23571428571428,0.12428571428571429
11,226.0,2013.45,1590.82,20.545454545454547,183.04090909090908,0.20545454545454547
13,137.0,1505.66,1777.72,10.538461538461538,115.82000000000001,0.10538461538461538
13,774.0,206.45,1110.0,59.53846153846154,15.88076923076923,0.5953846153846154
5,1120.0,1514.91,1658.97,224.0,302.982,2.24
4,862.0,2335.55,1698.94,215.5,583.8875,2.155
8,829.0,1147.89,2004.34,103.625,143.48625,1.03625
4,380.0,446.66,764.24,95.0,111.665,0.95
9,238.0,1197.83,1560.78,26.444444444444443,133.0922222222222,0.2644444444444444
13,1199.0,493.0,1634.13,92.23076923076923,37.92307692307692,0.9223076923076923
12,710.0,1249.41,1921.09,59.166666666666664,104.1175,0.5916666666666667
14,719.0,1973.14,1980.99,51.357142857142854,140.93857142857144,0.5135714285714286
1,482.0,1697.08,1198.24,482.0,1697.08,4.82
9,444.0,725.31,1062.52,49.333333333333336,80.58999999999999,0.49333333333333335
11,610.0,1990.79,1753.56,55.45454545454545,180.98090909090908,0.5545454545454546
4,238.0,1707.28,1483.48,59.5,426.82,0.595
2,299.0,1612.7,1282.8,149.5,806.35,1.495
10,273.0,799.9,1155.05,27.3,79.99,0.273
3,154.0,274.04,406.91,51.333333333333336,91.34666666666668,0.5133333333333333
7,636.0,697.02,1276.06,90.85714285714286,99.57428571428571,0.9085714285714286
2,1038.0,685.07,962.14,519.0,342.535,5.19
2,798.0,2334.41,1485.4,399.0,1167.205,3.99
12,601.0,2166.56,1918.46,50.083333333333336,180.54666666666665,0.5008333333333334
6,290.0,814.04,1077.35,48.333333333333336,135.67333333333332,0.48333333333333334
8,16.0,259.02,543.56,2.0,32.3775,0.02
8,303.0,1072.44,1453.25,37.875,134.055,0.37875
11,372.0,2048.26,1632.61,33.81818181818182,186.20545454545456,0.3381818181818182
3,864.0,2338.52,1513.04,288.0,779.5066666666667,2.88
11,913.0,2253.41,1758.56,83.0,204.85545454545453,0.83
14,805.0,834.06,1683.49,57.5,59.575714285714284,0.575
5,905.0,2317.31,1691.38,181.0,463.462,1.81
10,728.0,226.53,1060.47,72.8,22.653,0.728
4,842.0,893.25,1324.64,210.5,223.3125,2.105
5,117.0,953.06,1116.8,23.4,190.612,0.23399999999999999
12,307.0,957.17,1432.75,25.583333333333332,79.76416666666667,0.2558333333333333
9,51.0,314.81,704.94,5.666666666666667,34.97888888888889,0.05666666666666667
7,1071.0,841.11,1699.9,153.0,120.15857142857143,1.53
13,922.0,1510.22,1967.87,70.92307692307692,116.17076923076924,0.7092307692307692
8,867.0,2373.39,1747.22,108.375,296.67375,1.08375
11,1013.0,1483.3,1952.8,92.0909090909091,134.84545454545454,0.9209090909090909
6,1148.0,1525.81,1776.48,191.33333333333334,254.30166666666665,1.9133333333333333
12,158.0,2195.67,1625.46,13.166666666666666,182.9725,0.13166666666666665
5,1010.0,2054.21,1810.37,202.0,410.842,2.02
1,682.0,1517.04,1376.04,682.0,1517.04,6.82
5,14.0,78.33,406.7,2.8,15.666,0.027999999999999997
6,1203.0,1900.48,1972.88,200.5,316.74666666666667,2.005
4,810.0,1852.31,1575.87,202.5,463.0775,2.025
3,760.0,2073.25,1522.45,253.33333333333334,691.0833333333334,2.533333333333333
7,868.0,625.09,1403.48,124.0,89.29857142857144,1.24
7,205.0,103.31,683.1,29.285714285714285,14.758571428571429,0.29285714285714287
5,387.0,1882.35,1588.8,77.4,376.46999999999997,0.774
11,447.0,130.07,852.02,40.63636363636363,11.824545454545454,0.4063636363636363
9,482.0,1348.44,1633.26,53.55555555555556,149.82666666666668,0.5355555555555556
7,15.0,2436.67,1459.63,2.142857142857143,348.0957142857143,0.02142857142857143
10,955.0,1182.33,1950.3,95.5,118.23299999999999,0.955
5,41.0,2314.68,1500.28,8.2,462.936,0.08199999999999999
2,1189.0,1164.74,1666.52,594.5,582.37,5.945
2,762.0,519.74,752.69,381.0,259.87,3.81
10,895.0,937.46,1714.8,89.5,93.74600000000001,0.895
13,858.0,2258.01,1889.71,66.0,173.69307692307694,0.66
11,650.0,524.8,1179.09,59.09090909090909,47.709090909090904,0.5909090909090909
4,198.0,2106.63,1450.67,49.5,526.6575,0.495
1,791.0,1927.75,1419.88,791.0,1927.75,7.91
14,1020.0,1201.75,2337.73,72.85714285714286,85.83928571428571,0.7285714285714286
12,59.0,2247.39,1629.92,4.916666666666667,187.2825,0.04916666666666667
8,626.0,545.84,1142.89,78.25,68.23,0.7825
5,57.0,559.05,639.73,11.4,111.80999999999999,0.114
5,908.0,716.7,1375.88,181.6,143.34,1.8159999999999998
13,8.0,78.44,713.71,0.6153846153846154,6.033846153846154,0.006153846153846154
11,684.0,672.51,1487.93,62.18181818181818,61.13727272727272,0.6218181818181818
4,180.0,2365.46,1443.02,45.0,591.365,0.45
13,511.0,1628.33,1915.79,39.30769230769231,125.25615384615384,0.39307692307692305
4,231.0,20.39,499.26,57.75,5.0975,0.5775
9,1139.0,1973.31,1759.33,126.55555555555556,219.25666666666666,1.2655555555555555
9,578.0,1167.71,1587.21,64.22222222222223,129.74555555555557,0.6422222222222222
14,530.0,2028.06,2079.14,37.857142857142854,144.86142857142858,0.37857142857142856
7,316.0,141.89,837.8,45.142857142857146,20.27,0.45142857142857146
2,897.0,2382.39,1437.95,448.5,1191.195,4.485
12,121.0,608.92,1033.44,10.083333333333334,50.74333333333333,0.10083333333333334
4,764.0,1417.94,1682.1,191.0,354.485,1.91
11,663.0,2141.08,1715.29,60.27272727272727,194.64363636363635,0.6027272727272728
3,91.0,1640.15,1338.3,30.333333333333332,546.7166666666667,0.30333333333333334
1,1035.0,1289.84,1317.33,1035.0,1289.84,10.35
7,125.0,193.62,616.24,17.857142857142858,27.66,0.17857142857142858
12,437.0,639.96,1183.74,36.416666666666664,53.330000000000005,0.36416666666666664
4,84.0,2243.12,1392.1,21.0,560.78,0.21
5,716.0,1316.6,1686.98,143.2,263.32,1.432
12,18.0,2461.37,1556.78,1.5,205.11416666666665,0.015
3,560.0,1664.15,1419.48,186.66666666666666,554.7166666666667,1.8666666666666665
3,504.0,63.39,568.17,168.0,21.13,1.68
5,1126.0,664.9,1336.74,225.2,132.98,2.252
1,1092.0,390.55,589.11,1092.0,390.55,10.92
11,273.0,502.37,862.61,24.818181818181817,45.67,0.24818181818181817
4,6.0,458.7,459.21,1.5,114.675,0.015
1,620.0,490.45,678.74,620.0,490.45,6.2
5,659.0,2083.15,1645.06,131.8,416.63,1.318
12,353.0,2150.17,1765.67,29.416666666666668,179.18083333333334,0.2941666666666667
13,618.0,1982.27,2000.39,47.53846153846154,152.4823076923077,0.4753846153846154
2,1158.0,2355.92,1528.91,579.0,1177.96,5.79
3,512.0,1251.6,1360.76,170.66666666666666,417.2,1.7066666666666666
5,840.0,941.55,1676.48,168.0,188.31,1.68
7,1086.0,2319.81,1858.36,155.14285714285714,331.40142857142854,1.5514285714285714
13,1152.0,864.45,1797.14,88.61538461538461,66.49615384615385,0.8861538461538462
4,840.0,1375.42,1580.95,210.0,343.855,2.1
4,724.0,89.99,667.98,181.0,22.4975,1.81
3,327.0,2141.92,1438.41,109.0,713.9733333333334,1.09
13,1055.0,2005.84,1997.52,81.15384615384616,154.29538461538462,0.8115384615384617
1,931.0,327.97,609.73,931.0,327.97,9.31
10,108.0,2181.67,1632.42,10.8,218.167,0.10800000000000001
13,1204.0,24.47,1344.17,92.61538461538461,1.8823076923076922,0.9261538461538461
5,517.0,919.25,1288.31,103.4,183.85,1.034
8,897.0,1536.36,1944.62,112.125,192.045,1.12125
12,988.0,2492.79,1753.84,82.33333333333333,207.7325,0.8233333333333333
1,1041.0,1630.25,1466.95,1041.0,1630.25,10.41
10,454.0,2359.42,1619.0,45.4,235.942,0.45399999999999996
5,406.0,1084.16,1399.39,81.2,216.83200000000002,0.812
4,103.0,1790.07,1394.55,25.75,447.5175,0.2575
11,198.0,269.95,695.66,18.0,24.54090909090909,0.18
4,477.0,18.97,631.5,119.25,4.7425,1.1925
11,67.0,2455.53,1572.91,6.090909090909091,223.23000000000002,0.060909090909090906
7,789.0,185.73,966.26,112.71428571428571,26.532857142857143,1.127142857142857
13,70.0,993.7,1492.02,5.384615384615385,76.43846153846154,0.05384615384615385
12,59.0,858.62,1377.35,4.916666666666667,71.55166666666666,0.04916666666666667
3,1027.0,180.0,804.96,342.3333333333333,60.0,3.4233333333333333
3,275.0,543.74,572.73,91.66666666666667,181.24666666666667,0.9166666666666667
12,180.0,384.42,873.97,15.0,32.035000000000004,0.15
3,334.0,2449.89,1472.53,111.33333333333333,816.63,1.1133333333333333
7,759.0,1694.02,1960.92,108.42857142857143,242.00285714285715,1.0842857142857143
10,174.0,1991.96,1542.4,17.4,199.196,0.174
1,780.0,366.37,516.69,780.0,366.37,7.8
9,934.0,415.5,1208.82,103.77777777777777,46.166666666666664,1.0377777777777777
8,936.0,556.28,1277.26,117.0,69.535,1.17
1,1002.0,2320.13,1475.4,1002.0,2320.13,10.02
7,83.0,137.84,482.65,11.857142857142858,19.69142857142857,0.11857142857142858
9,191.0,789.52,1058.5,21.22222222222222,87.72444444444444,0.2122222222222222
3,280.0,1090.37,1256.92,93.33333333333333,363.45666666666665,0.9333333333333332
5,644.0,2383.17,1785.53,128.8,476.634,1.288
10,498.0,992.86,1395.03,49.8,99.286,0.498
4,317.0,1793.28,1518.93,79.25,448.32,0.7925
4,1100.0,370.61,860.32,275.0,92.6525,2.75
4,263.0,2469.06,1503.98,65.75,617.265,0.6575
4,932.0,1287.34,1513.28,233.0,321.835,2.33
14,343.0,2013.4,1839.05,24.5,143.81428571428572,0.245
2,274.0,888.24,917.79,137.0,444.12,1.37
1,759.0,330.29,500.92,759.0,330.29,7.59
8,204.0,2178.45,1506.38,25.5,272.30625,0.255
10,396.0,2068.65,1556.68,39.6,206.865,0.396
6,840.0,870.82,1496.46,140.0,145.13666666666668,1.4
7,756.0,1473.59,1961.96,108.0,210.51285714285714,1.08
4,1048.0,279.75,780.15,262.0,69.9375,2.62
9,800.0,39.96,1158.68,88.88888888888889,4.44,0.8888888888888888
3,240.0,1895.67,1386.33,80.0,631.89,0.8
13,997.0,920.48,2124.16,76.6923076923077,70.80615384615385,0.7669230769230769
2,826.0,2163.39,1523.26,413.0,1081.695,4.13
6,194.0,914.25,1168.72,32.333333333333336,152.375,0.32333333333333336
4,333.0,1934.76,1467.52,83.25,483.69,0.8325
8,1053.0,1864.01,1794.57,131.625,233.00125,1.31625
12,466.0,1291.33,1770.37,38.833333333333336,107.61083333333333,0.38833333333333336
8,916.0,2417.62,1755.05,114.5,302.2025,1.145
11,322.0,1251.3,1732.46,29.272727272727273,113.75454545454545,0.2927272727272727
13,11.0,1114.96,1555.48,0.8461538461538461,85.76615384615386,0.008461538461538461
7,250.0,364.79,718.71,35.714285714285715,52.112857142857145,0.35714285714285715
5,247.0,296.51,594.93,49.4,59.302,0.494
14,1158.0,2104.61,1899.69,82.71428571428571,150.32928571428573,0.8271428571428571
11,1095.0,1071.83,2159.33,99.54545454545455,97.43909090909091,0.9954545454545455
11,1149.0,270.81,1284.51,104.45454545454545,24.61909090909091,1.0445454545454544
9,14.0,1057.38,1372.31,1.5555555555555556,117.48666666666668,0.015555555555555555
4,184.0,983.77,1202.69,46.0,245.9425,0.46
6,135.0,2488.22,1561.2,22.5,414.7033333333333,0.225
5,717.0,1508.97,1722.49,143.4,301.794,1.4340000000000002
1,389.0,1964.96,1228.94,389.0,1964.96,3.89
3,1136.0,1296.54,1536.6,378.6666666666667,432.18,3.786666666666667
13,145.0,2202.42,1716.13,11.153846153846153,169.41692307692307,0.11153846153846153
1,1122.0,861.5,1081.05,1122.0,861.5,11.22
14,383.0,97.95,1203.93,27.357142857142858,6.996428571428572,0.2735714285714286
1,309.0,1211.37,1110.55,309.0,1211.37,3.09
14,1090.0,2248.68,1905.5,77.85714285714286,160.61999999999998,0.7785714285714286
3,278.0,994.9,1167.78,92.66666666666667,331.6333333333333,0.9266666666666667
7,1109.0,2397.29,1917.57,158.42857142857142,342.46999999999997,1.584285714285714
12,643.0,2194.16,1758.03,53.583333333333336,182.84666666666666,0.5358333333333334
11,176.0,1050.67,1444.13,16.0,95.51545454545455,0.16
7,309.0,1021.75,1309.85,44.142857142857146,145.96428571428572,0.44142857142857145
3,992.0,1897.41,1539.0,330.6666666666667,632.47,3.3066666666666666
3,175.0,440.19,431.17,58.333333333333336,146.73,0.5833333333333334
5,895.0,2329.69,1791.96,179.0,465.938,1.79
8,372.0,348.37,950.24,46.5,43.54625,0.465
5,567.0,193.11,718.3,113.4,38.622,1.1340000000000001
8,978.0,710.43,1624.58,122.25,88.80375,1.2225
1,1082.0,1809.49,446.94,1082.0,1809.49,10.82
11,636.0,2238.97,1699.94,57.81818181818182,203.54272727272726,0.5781818181818182
6,370.0,315.09,946.39,61.666666666666664,52.51499999999999,0.6166666666666667
8,413.0,222.83,802.95,51.625,27.85375,0.51625
3,399.0,141.39,546.04,133.0,47.129999999999995,1.33
